id,first_name,last_name,email,gender,about_me
1,Zacharias,Thunnercliff,zthunnercliff0@w3.org,M,I am Zacharias Thunnercliff. I love Snowflake.
2,Meredeth,Andrew,mashforth1@virginia.edu,M,I am Meredeth Andrew. I love Snowflake.
3,Lester,Mynard,Mynard@gmail.com,M,I am Lester Mynard. I love Snowflake.
4,Peyton,Artrick,partrick3@soup.io,M,I am Peyton Artrick. I love Snowflake.
5,Willi,Warnes,wwarnes4@businessinsider.com,M,I am Willi Warnes. I love Snowflake.
6,Merwyn,Wheaton,mwheaton5@nps.gov,M,I am Merwyn Wheaton. I love Snowflake.
7,Kellie,Adamsen,kadamsen6@reference.com,F,I am Kellie Adamsen. I love Snowflake.
8,Ahmad,Hunston,ahunston7@hubpages.com,M,I am Ahmad Hunston. I love Snowflake.
9,Bianka,Kordova,bkordova8@telegraph.co.uk,F,I am Bianka Kordova. I love Snowflake.
10,Cullin,Crossland,,M,I am Cullin Crossland. I love Snowflake.
11,Odella,Klemenz,oklemenza@altervista.org,F,I am Odella Klemenz. I love Snowflake.
12,Petronia,Poznanski,ppoznanskib@google.es,F,I am Petronia Poznanski. I love Snowflake.
13,Lyell,Schoroder,lschoroderc@buzzfeed.com,M,I am Lyell Schoroder. I love Snowflake.
14,Saidee,McAloren,smcalorend@wordpress.org,F,I am Saidee McAloren. I love Snowflake.
15,Thibaud,Harrild,tharrilde@statcounter.com,M,I am Thibaud Harrild. I love Snowflake.
16,Joann,Ciciotti,jciciottif@gnu.org,F,I am Joann Ciciotti. I love Snowflake.
17,Tania,Rowsel,trowselg@spiegel.de,F,I am Tania Rowsel. I love Snowflake.
18,Elsa,Renbold,erenboldh@disqus.com,F,I am Elsa Renbold. I love Snowflake.
19,Paulita,Illsley,pillsleyi@xing.com,F,I am Paulita Illsley. I love Snowflake.
20,Mei,Greason,,F,I am Mei Greason. I love Snowflake.
21,Roberto,Tume,rtumek@indiatimes.com,M,I am Roberto Tume. I love Snowflake.
22,Ealasaid,De Cruze,edecruzel@instagram.com,F,I am Ealasaid De Cruze. I love Snowflake.
23,Sissy,Gilbank,sgilbankm@stanford.edu,F,I am Sissy Gilbank. I love Snowflake.
24,Daffy,Figgures,dfigguresn@disqus.com,F,I am Daffy Figgures. I love Snowflake.
25,Maddie,Camber,mcambero@hud.gov,F,I am Maddie Camber. I love Snowflake.
26,Quillan,McWhorter,qmcwhorterp@goo.ne.jp,M,I am Quillan McWhorter. I love Snowflake.
27,Ricoriki,Stabbins,rstabbinsq@examiner.com,M,I am Ricoriki Stabbins. I love Snowflake.
28,Clea,Shuxsmith,cshuxsmithr@about.com,F,I am Clea Shuxsmith. I love Snowflake.
29,Oswell,Asipenko,oasipenkos@skyrock.com,M,I am Oswell Asipenko. I love Snowflake.
30,Jorie,Muehler,jmuehlert@buzzfeed.com,F,I am Jorie Muehler. I love Snowflake.
31,Jacquelyn,Vedekhov,jvedekhovu@e-recht24.de,F,I am Jacquelyn Vedekhov. I love Snowflake.
32,Gavra,Harrington,gharringtonv@paypal.com,F,I am Gavra Harrington. I love Snowflake.
33,Calley,Gregoriou,cgregoriouw@howstuffworks.com,F,I am Calley Gregoriou. I love Snowflake.
34,Doll,Jayne,djaynex@cisco.com,F,I am Doll Jayne. I love Snowflake.
35,Danika,Keysel,dkeysely@google.es,F,I am Danika Keysel. I love Snowflake.
36,Audie,Haslam,ahaslamz@blogger.com,F,I am Audie Haslam. I love Snowflake.
37,Caty,O'Corr,cocorr10@howstuffworks.com,F,I am Caty O'Corr. I love Snowflake.
38,Findlay,Pesticcio,fpesticcio11@icio.us,M,I am Findlay Pesticcio. I love Snowflake.
39,Fayina,Coger,fcoger12@google.fr,F,I am Fayina Coger. I love Snowflake.
40,Mariejeanne,Ernshaw,mernshaw13@mlb.com,F,I am Mariejeanne Ernshaw. I love Snowflake.
41,Warde,Gleasane,wgleasane14@dot.gov,M,I am Warde Gleasane. I love Snowflake.
42,Bobbie,Elphinstone,belphinstone15@photobucket.com,F,I am Bobbie Elphinstone. I love Snowflake.
43,Whit,Aveling,waveling16@uol.com.br,M,I am Whit Aveling. I love Snowflake.
44,Sibyl,Leathwood,sleathwood17@slashdot.org,F,I am Sibyl Leathwood. I love Snowflake.
45,Brita,Bulger,bbulger18@blogspot.com,F,I am Brita Bulger. I love Snowflake.
46,Yettie,Guillerman,yguillerman19@uiuc.edu,F,I am Yettie Guillerman. I love Snowflake.
47,Bary,McEntagart,bmcentagart1a@telegraph.co.uk,M,I am Bary McEntagart. I love Snowflake.
48,Rad,Egar,regar1b@wunderground.com,M,I am Rad Egar. I love Snowflake.
49,Archaimbaud,Lydford,alydford1c@wiley.com,M,I am Archaimbaud Lydford. I love Snowflake.
50,Giffie,McMichell,gmcmichell1d@seesaa.net,M,I am Giffie McMichell. I love Snowflake.
51,Wildon,Weyland,wweyland1e@webnode.com,M,I am Wildon Weyland. I love Snowflake.
52,Rafaello,Eilert,reilert1f@wunderground.com,M,I am Rafaello Eilert. I love Snowflake.
53,Bethany,Pavlovsky,bpavlovsky1g@desdev.cn,F,I am Bethany Pavlovsky. I love Snowflake.
54,Sammy,MacKibbon,smackibbon1h@bigcartel.com,F,I am Sammy MacKibbon. I love Snowflake.
55,Sidonia,MacIlraith,smacilraith1i@bbb.org,F,I am Sidonia MacIlraith. I love Snowflake.
56,Blair,Sagg,bsagg1j@bing.com,F,I am Blair Sagg. I love Snowflake.
57,Dominick,Pepys,dpepys1k@smugmug.com,M,I am Dominick Pepys. I love Snowflake.
58,Lorens,Gibbeson,lgibbeson1l@walmart.com,M,I am Lorens Gibbeson. I love Snowflake.
59,Harbert,Bloxsome,hbloxsome1m@live.com,M,I am Harbert Bloxsome. I love Snowflake.
60,Rip,Tremelling,rtremelling1n@google.com.hk,M,I am Rip Tremelling. I love Snowflake.
61,Kaela,Jesse,kjesse1o@de.vu,F,I am Kaela Jesse. I love Snowflake.
62,Elsa,Pescud,epescud1p@studiopress.com,F,I am Elsa Pescud. I love Snowflake.
63,Ashli,MacBrearty,amacbrearty1q@nymag.com,F,I am Ashli MacBrearty. I love Snowflake.
64,Kyle,Mullally,kmullally1r@scribd.com,M,I am Kyle Mullally. I love Snowflake.
65,Keary,Michelin,kmichelin1s@devhub.com,M,I am Keary Michelin. I love Snowflake.
66,Paulita,Blaskett,pblaskett1t@umn.edu,F,I am Paulita Blaskett. I love Snowflake.
67,Leoline,Pasquale,lpasquale1u@51.la,F,I am Leoline Pasquale. I love Snowflake.
68,Orelia,Oliphard,ooliphard1v@livejournal.com,F,I am Orelia Oliphard. I love Snowflake.
69,Petunia,Ashton,pashton1w@usa.gov,F,I am Petunia Ashton. I love Snowflake.
70,Demetrius,Francillo,dfrancillo1x@uiuc.edu,M,I am Demetrius Francillo. I love Snowflake.
71,Chryste,Snasdell,csnasdell1y@360.cn,F,I am Chryste Snasdell. I love Snowflake.
72,Barrett,Carlesso,bcarlesso1z@arstechnica.com,M,I am Barrett Carlesso. I love Snowflake.
73,Angelina,Liverseege,aliverseege20@samsung.com,F,I am Angelina Liverseege. I love Snowflake.
74,Sigismond,Hissett,shissett21@meetup.com,M,I am Sigismond Hissett. I love Snowflake.
75,Grover,Sturdgess,gsturdgess22@shop-pro.jp,M,I am Grover Sturdgess. I love Snowflake.
76,Calli,Ramsey,cramsey23@furl.net,F,I am Calli Ramsey. I love Snowflake.
77,Aurel,Connue,aconnue24@newsvine.com,F,I am Aurel Connue. I love Snowflake.
78,Franchot,MacCaughey,fmaccaughey25@wsj.com,M,I am Franchot MacCaughey. I love Snowflake.
79,Payton,Langford,plangford26@acquirethisname.com,M,I am Payton Langford. I love Snowflake.
80,Jessa,Bison,jbison27@deliciousdays.com,F,I am Jessa Bison. I love Snowflake.
81,Morlee,Preshous,mpreshous28@cbsnews.com,M,I am Morlee Preshous. I love Snowflake.
82,Der,Sturzaker,dsturzaker29@walmart.com,M,I am Der Sturzaker. I love Snowflake.
83,Iago,Kerbler,ikerbler2a@cbslocal.com,M,I am Iago Kerbler. I love Snowflake.
84,Zebadiah,Primak,zprimak2b@ucla.edu,M,I am Zebadiah Primak. I love Snowflake.
85,Evanne,Camidge,ecamidge2c@mozilla.com,F,I am Evanne Camidge. I love Snowflake.
86,Conrad,Burniston,cburniston2d@dyndns.org,M,I am Conrad Burniston. I love Snowflake.
87,Gibb,Rahlof,grahlof2e@qq.com,M,I am Gibb Rahlof. I love Snowflake.
88,Roxine,Dary,rdary2f@github.io,F,I am Roxine Dary. I love Snowflake.
89,Duff,Holtum,dholtum2g@hc360.com,M,I am Duff Holtum. I love Snowflake.
90,Tommie,Penhalurick,tpenhalurick2h@sfgate.com,M,I am Tommie Penhalurick. I love Snowflake.
91,Kennith,Turville,kturville2i@microsoft.com,M,I am Kennith Turville. I love Snowflake.
92,Frederic,Vasyaev,fvasyaev2j@soundcloud.com,M,I am Frederic Vasyaev. I love Snowflake.
93,Dorena,Alanbrooke,dalanbrooke2k@spotify.com,F,I am Dorena Alanbrooke. I love Snowflake.
94,Sanson,Lockyear,slockyear2l@oracle.com,M,I am Sanson Lockyear. I love Snowflake.
95,Guglielma,Moult,gmoult2m@tumblr.com,F,I am Guglielma Moult. I love Snowflake.
96,Hally,Whitesel,hwhitesel2n@geocities.com,F,I am Hally Whitesel. I love Snowflake.
97,Eldin,Lourens,elourens2o@ifeng.com,M,I am Eldin Lourens. I love Snowflake.
98,Halley,Sawley,hsawley2p@simplemachines.org,F,I am Halley Sawley. I love Snowflake.
99,Dore,Willstrop,dwillstrop2q@deliciousdays.com,F,I am Dore Willstrop. I love Snowflake.
100,Krystyna,Reignard,kreignard2r@meetup.com,F,I am Krystyna Reignard. I love Snowflake.
101,Morse,Krojn,mkrojn2s@aol.com,M,I am Morse Krojn. I love Snowflake.
102,Tate,Caplan,tcaplan2t@eventbrite.com,M,I am Tate Caplan. I love Snowflake.
103,Deloria,Pordall,dpordall2u@hc360.com,F,I am Deloria Pordall. I love Snowflake.
104,Jori,Scammonden,jscammonden2v@msu.edu,F,I am Jori Scammonden. I love Snowflake.
105,Allegra,Gainsborough,againsborough2w@1und1.de,F,I am Allegra Gainsborough. I love Snowflake.
106,Regina,Castledine,rcastledine2x@independent.co.uk,F,I am Regina Castledine. I love Snowflake.
107,Jory,Fehners,jfehners2y@theguardian.com,M,I am Jory Fehners. I love Snowflake.
108,Forrester,Goldsbury,fgoldsbury2z@dailymail.co.uk,M,I am Forrester Goldsbury. I love Snowflake.
109,Xerxes,Le Barr,xlebarr30@adobe.com,M,I am Xerxes Le Barr. I love Snowflake.
110,Bridgette,Mouth,bmouth31@boston.com,F,I am Bridgette Mouth. I love Snowflake.
111,Torrin,Wooffitt,twooffitt32@surveymonkey.com,M,I am Torrin Wooffitt. I love Snowflake.
112,Alexis,Peevor,apeevor33@ca.gov,M,I am Alexis Peevor. I love Snowflake.
113,Alberik,Blinckhorne,ablinckhorne34@google.de,M,I am Alberik Blinckhorne. I love Snowflake.
114,Robenia,Morritt,rmorritt35@prlog.org,F,I am Robenia Morritt. I love Snowflake.
115,Birch,McElhinney,bmcelhinney36@unblog.fr,M,I am Birch McElhinney. I love Snowflake.
116,Trenton,Braisher,tbraisher37@princeton.edu,M,I am Trenton Braisher. I love Snowflake.
117,Nedi,Polly,npolly38@dot.gov,F,I am Nedi Polly. I love Snowflake.
118,Angele,Kayser,akayser39@livejournal.com,F,I am Angele Kayser. I love Snowflake.
119,Talyah,Koomar,tkoomar3a@quantcast.com,F,I am Talyah Koomar. I love Snowflake.
120,Sophia,Loveard,sloveard3b@samsung.com,F,I am Sophia Loveard. I love Snowflake.
121,Dun,Newbatt,dnewbatt3c@cmu.edu,M,I am Dun Newbatt. I love Snowflake.
122,Ursulina,Pollok,upollok3d@drupal.org,F,I am Ursulina Pollok. I love Snowflake.
123,Barthel,Grundy,bgrundy3e@chicagotribune.com,M,I am Barthel Grundy. I love Snowflake.
124,Chrystel,Beamand,cbeamand3f@bbb.org,F,I am Chrystel Beamand. I love Snowflake.
125,Norman,Parkman,nparkman3g@sphinn.com,M,I am Norman Parkman. I love Snowflake.
126,Ethyl,Pindell,epindell3h@buzzfeed.com,F,I am Ethyl Pindell. I love Snowflake.
127,Arline,Brindle,abrindle3i@cmu.edu,F,I am Arline Brindle. I love Snowflake.
128,Willie,Roly,wroly3j@facebook.com,F,I am Willie Roly. I love Snowflake.
129,Ethelred,Carville,ecarville3k@sciencedaily.com,M,I am Ethelred Carville. I love Snowflake.
130,Roseline,Bercher,rbercher3l@mac.com,F,I am Roseline Bercher. I love Snowflake.
131,Morgan,Cescoti,mcescoti3m@soup.io,F,I am Morgan Cescoti. I love Snowflake.
132,Willabella,Howley,whowley3n@illinois.edu,F,I am Willabella Howley. I love Snowflake.
133,Chane,Bartell,cbartell3o@jimdo.com,M,I am Chane Bartell. I love Snowflake.
134,Elbert,Kipping,ekipping3p@weather.com,M,I am Elbert Kipping. I love Snowflake.
135,Mikaela,Drayn,mdrayn3q@nhs.uk,F,I am Mikaela Drayn. I love Snowflake.
136,Esdras,Moquin,emoquin3r@cam.ac.uk,M,I am Esdras Moquin. I love Snowflake.
137,Steve,Kienl,skienl3s@weebly.com,M,I am Steve Kienl. I love Snowflake.
138,Beaufort,Fowlston,bfowlston3t@apache.org,M,I am Beaufort Fowlston. I love Snowflake.
139,Odie,Paoletti,opaoletti3u@imgur.com,M,I am Odie Paoletti. I love Snowflake.
140,Emma,Fawkes,efawkes3v@youtu.be,F,I am Emma Fawkes. I love Snowflake.
141,Mara,Dell Casa,mdellcasa3w@google.com.au,F,I am Mara Dell Casa. I love Snowflake.
142,Dedra,McGarahan,dmcgarahan3x@shareasale.com,F,I am Dedra McGarahan. I love Snowflake.
143,Melicent,Wanne,mwanne3y@java.com,F,I am Melicent Wanne. I love Snowflake.
144,Antoni,Paffitt,apaffitt3z@tuttocitta.it,M,I am Antoni Paffitt. I love Snowflake.
145,Worden,Cullum,wcullum40@yolasite.com,M,I am Worden Cullum. I love Snowflake.
146,Sayre,Cardall,scardall41@elegantthemes.com,M,I am Sayre Cardall. I love Snowflake.
147,Michelle,Roswarn,mroswarn42@desdev.cn,F,I am Michelle Roswarn. I love Snowflake.
148,Margot,Breacher,mbreacher43@blogs.com,F,I am Margot Breacher. I love Snowflake.
149,Matty,Rushbrooke,mrushbrooke44@comsenz.com,F,I am Matty Rushbrooke. I love Snowflake.
150,Althea,Harker,aharker45@list-manage.com,F,I am Althea Harker. I love Snowflake.
151,Gerek,Peto,gpeto46@wufoo.com,M,I am Gerek Peto. I love Snowflake.
152,Joanna,Ratazzi,jratazzi47@tiny.cc,F,I am Joanna Ratazzi. I love Snowflake.
153,Rois,Goskar,rgoskar48@chicagotribune.com,F,I am Rois Goskar. I love Snowflake.
154,Dot,Van de Castele,dvandecastele49@symantec.com,F,I am Dot Van de Castele. I love Snowflake.
155,Tallia,Bedward,tbedward4a@xrea.com,F,I am Tallia Bedward. I love Snowflake.
156,Adela,Baitman,abaitman4b@ezinearticles.com,F,I am Adela Baitman. I love Snowflake.
157,Tarrance,Rubinsohn,trubinsohn4c@washingtonpost.com,M,I am Tarrance Rubinsohn. I love Snowflake.
158,Jody,Larrosa,jlarrosa4d@google.ru,F,I am Jody Larrosa. I love Snowflake.
159,Adolph,Brookhouse,abrookhouse4e@sakura.ne.jp,M,I am Adolph Brookhouse. I love Snowflake.
160,Cord,McDavitt,cmcdavitt4f@cbsnews.com,M,I am Cord McDavitt. I love Snowflake.
161,Craggie,Creser,ccreser4g@netscape.com,M,I am Craggie Creser. I love Snowflake.
162,Neale,Hatherell,nhatherell4h@webnode.com,M,I am Neale Hatherell. I love Snowflake.
163,Lanie,Lampen,llampen4i@bravesites.com,M,I am Lanie Lampen. I love Snowflake.
164,Kendrick,Sowerbutts,ksowerbutts4j@e-recht24.de,M,I am Kendrick Sowerbutts. I love Snowflake.
165,Daren,Keddey,dkeddey4k@weather.com,M,I am Daren Keddey. I love Snowflake.
166,Dianna,McLoughlin,dmcloughlin4l@sourceforge.net,F,I am Dianna McLoughlin. I love Snowflake.
167,Aarika,Guinnane,aguinnane4m@soundcloud.com,F,I am Aarika Guinnane. I love Snowflake.
168,Hastings,Mennell,hmennell4n@cisco.com,M,I am Hastings Mennell. I love Snowflake.
169,Ransell,June,rjune4o@de.vu,M,I am Ransell June. I love Snowflake.
170,Filmer,Bentsen,fbentsen4p@howstuffworks.com,M,I am Filmer Bentsen. I love Snowflake.
171,Emilio,Melbert,emelbert4q@friendfeed.com,M,I am Emilio Melbert. I love Snowflake.
172,Carmita,Kadwallider,ckadwallider4r@youku.com,F,I am Carmita Kadwallider. I love Snowflake.
173,Abbie,Brockie,abrockie4s@dedecms.com,M,I am Abbie Brockie. I love Snowflake.
174,Jeromy,Ivanchin,jivanchin4t@mediafire.com,M,I am Jeromy Ivanchin. I love Snowflake.
175,Darnall,Al Hirsi,dalhirsi4u@cnn.com,M,I am Darnall Al Hirsi. I love Snowflake.
176,Serene,Pendle,spendle4v@tiny.cc,F,I am Serene Pendle. I love Snowflake.
177,Nickolaus,Busswell,nbusswell4w@home.pl,M,I am Nickolaus Busswell. I love Snowflake.
178,Xenos,Klebes,xklebes4x@latimes.com,M,I am Xenos Klebes. I love Snowflake.
179,Aksel,Gerold,agerold4y@prlog.org,M,I am Aksel Gerold. I love Snowflake.
180,Lesli,MacKimmie,lmackimmie4z@goo.gl,F,I am Lesli MacKimmie. I love Snowflake.
181,Ddene,Syder,dsyder50@yandex.ru,F,I am Ddene Syder. I love Snowflake.
182,Veronika,Sempill,vsempill51@icq.com,F,I am Veronika Sempill. I love Snowflake.
183,Aileen,Bartel,abartel52@sbwire.com,F,I am Aileen Bartel. I love Snowflake.
184,Edi,Bergen,ebergen53@plala.or.jp,F,I am Edi Bergen. I love Snowflake.
185,Bonny,Bertrand,bbertrand54@hibu.com,F,I am Bonny Bertrand. I love Snowflake.
186,Joshua,Cavil,jcavil55@craigslist.org,M,I am Joshua Cavil. I love Snowflake.
187,Homere,Huguet,hhuguet56@cdc.gov,M,I am Homere Huguet. I love Snowflake.
188,Hart,Amies,hamies57@bbc.co.uk,M,I am Hart Amies. I love Snowflake.
189,Aviva,Carayol,acarayol58@boston.com,F,I am Aviva Carayol. I love Snowflake.
190,Alexandro,Yule,ayule59@hubpages.com,M,I am Alexandro Yule. I love Snowflake.
191,Charlotte,Kalinovich,ckalinovich5a@mail.ru,F,I am Charlotte Kalinovich. I love Snowflake.
192,Roselin,Cobbing,rcobbing5b@guardian.co.uk,F,I am Roselin Cobbing. I love Snowflake.
193,Fanya,Bricket,fbricket5c@aol.com,F,I am Fanya Bricket. I love Snowflake.
194,Shalom,Lamblot,slamblot5d@bloglines.com,M,I am Shalom Lamblot. I love Snowflake.
195,Camey,Viant,cviant5e@nba.com,M,I am Camey Viant. I love Snowflake.
196,Delmar,Bulward,dbulward5f@canalblog.com,M,I am Delmar Bulward. I love Snowflake.
197,Bianka,Kun,bkun5g@latimes.com,F,I am Bianka Kun. I love Snowflake.
198,Sean,Struttman,sstruttman5h@delicious.com,M,I am Sean Struttman. I love Snowflake.
199,Lalo,Shevelin,lshevelin5i@quantcast.com,M,I am Lalo Shevelin. I love Snowflake.
200,Erma,Pere,epere5j@mediafire.com,F,I am Erma Pere. I love Snowflake.
201,Terence,Poulgreen,tpoulgreen5k@w3.org,M,I am Terence Poulgreen. I love Snowflake.
202,Hettie,Scading,hscading5l@google.com.br,F,I am Hettie Scading. I love Snowflake.
203,Wilbert,Pavelin,wpavelin5m@whitehouse.gov,M,I am Wilbert Pavelin. I love Snowflake.
204,Burt,Fosdike,bfosdike5n@dmoz.org,M,I am Burt Fosdike. I love Snowflake.
205,Kristel,Marian,kmarian5o@twitpic.com,F,I am Kristel Marian. I love Snowflake.
206,Mord,Winterborne,mwinterborne5p@deviantart.com,M,I am Mord Winterborne. I love Snowflake.
207,Zaria,Pina,zpina5q@gnu.org,F,I am Zaria Pina. I love Snowflake.
208,Von,Iacobo,viacobo5r@so-net.ne.jp,M,I am Von Iacobo. I love Snowflake.
209,Gladys,Outridge,goutridge5s@nbcnews.com,F,I am Gladys Outridge. I love Snowflake.
210,Robena,Rankcom,rrankcom5t@skype.com,F,I am Robena Rankcom. I love Snowflake.
211,Olly,Yaus,oyaus5u@acquirethisname.com,M,I am Olly Yaus. I love Snowflake.
212,Iona,Skiplorne,iskiplorne5v@wikia.com,F,I am Iona Skiplorne. I love Snowflake.
213,Orin,Murphey,omurphey5w@istockphoto.com,M,I am Orin Murphey. I love Snowflake.
214,Isidora,Faragan,ifaragan5x@youtu.be,F,I am Isidora Faragan. I love Snowflake.
215,Gilberta,Medcraft,gmedcraft5y@taobao.com,F,I am Gilberta Medcraft. I love Snowflake.
216,Mario,Marshman,mmarshman5z@bluehost.com,M,I am Mario Marshman. I love Snowflake.
217,Rick,Girodier,rgirodier60@foxnews.com,M,I am Rick Girodier. I love Snowflake.
218,Hali,Marages,hmarages61@google.de,F,I am Hali Marages. I love Snowflake.
219,Mauricio,Nancarrow,mnancarrow62@ameblo.jp,M,I am Mauricio Nancarrow. I love Snowflake.
220,Alysia,Dyble,adyble63@slate.com,F,I am Alysia Dyble. I love Snowflake.
221,Fields,Pedler,fpedler64@gmpg.org,M,I am Fields Pedler. I love Snowflake.
222,Allyn,Wilfing,awilfing65@qq.com,M,I am Allyn Wilfing. I love Snowflake.
223,Kania,Yurasov,kyurasov66@mashable.com,F,I am Kania Yurasov. I love Snowflake.
224,Goraud,Dellow,gdellow67@quantcast.com,M,I am Goraud Dellow. I love Snowflake.
225,Kristos,Febvre,kfebvre68@edublogs.org,M,I am Kristos Febvre. I love Snowflake.
226,Terry,Beels,tbeels69@woothemes.com,M,I am Terry Beels. I love Snowflake.
227,Minnnie,Cardinal,mcardinal6a@ucla.edu,F,I am Minnnie Cardinal. I love Snowflake.
228,Zarah,Broke,zbroke6b@dyndns.org,F,I am Zarah Broke. I love Snowflake.
229,Zeb,Laxtonne,zlaxtonne6c@merriam-webster.com,M,I am Zeb Laxtonne. I love Snowflake.
230,Logan,Ballefant,lballefant6d@arizona.edu,M,I am Logan Ballefant. I love Snowflake.
231,Rudie,Gritsunov,rgritsunov6e@engadget.com,M,I am Rudie Gritsunov. I love Snowflake.
232,Antony,Burkin,aburkin6f@digg.com,M,I am Antony Burkin. I love Snowflake.
233,Amelita,MacGettigen,amacgettigen6g@dyndns.org,F,I am Amelita MacGettigen. I love Snowflake.
234,Chlo,Guiett,cguiett6h@desdev.cn,F,I am Chlo Guiett. I love Snowflake.
235,Wrennie,Rosson,wrosson6i@exblog.jp,F,I am Wrennie Rosson. I love Snowflake.
236,Annemarie,Collen,acollen6j@unblog.fr,F,I am Annemarie Collen. I love Snowflake.
237,Coral,Bailles,cbailles6k@bing.com,F,I am Coral Bailles. I love Snowflake.
238,Beniamino,Ashelford,bashelford6l@squidoo.com,M,I am Beniamino Ashelford. I love Snowflake.
239,Joshia,Larn,jlarn6m@so-net.ne.jp,M,I am Joshia Larn. I love Snowflake.
240,Gaile,Wignall,gwignall6n@amazon.co.jp,M,I am Gaile Wignall. I love Snowflake.
241,Renie,Wallice,rwallice6o@accuweather.com,F,I am Renie Wallice. I love Snowflake.
242,Rosemonde,Reville,rreville6p@blogtalkradio.com,F,I am Rosemonde Reville. I love Snowflake.
243,Stacey,Holttom,sholttom6q@diigo.com,F,I am Stacey Holttom. I love Snowflake.
244,Denny,Wellbank,dwellbank6r@netlog.com,M,I am Denny Wellbank. I love Snowflake.
245,Yolane,Fedynski,yfedynski6s@edublogs.org,F,I am Yolane Fedynski. I love Snowflake.
246,Clay,Tolle,ctolle6t@java.com,M,I am Clay Tolle. I love Snowflake.
247,Raye,Simper,rsimper6u@ameblo.jp,F,I am Raye Simper. I love Snowflake.
248,Aurora,Pickerell,apickerell6v@walmart.com,F,I am Aurora Pickerell. I love Snowflake.
249,Goldia,Melan,gmelan6w@1688.com,F,I am Goldia Melan. I love Snowflake.
250,Johnny,Hammonds,jhammonds6x@behance.net,M,I am Johnny Hammonds. I love Snowflake.
251,Joelly,Blesing,jblesing6y@amazon.co.jp,F,I am Joelly Blesing. I love Snowflake.
252,Rock,Sayle,rsayle6z@cloudflare.com,M,I am Rock Sayle. I love Snowflake.
253,Faythe,Dury,fdury70@quantcast.com,F,I am Faythe Dury. I love Snowflake.
254,Sargent,Friedenbach,sfriedenbach71@microsoft.com,M,I am Sargent Friedenbach. I love Snowflake.
255,Artemus,Kestin,akestin72@mit.edu,M,I am Artemus Kestin. I love Snowflake.
256,Mandi,Endean,mendean73@tinyurl.com,F,I am Mandi Endean. I love Snowflake.
257,Tabb,Avrahamoff,tavrahamoff74@ed.gov,M,I am Tabb Avrahamoff. I love Snowflake.
258,Hadlee,Dyet,hdyet75@pen.io,M,I am Hadlee Dyet. I love Snowflake.
259,Smith,Jamary,sjamary76@shareasale.com,M,I am Smith Jamary. I love Snowflake.
260,Brooks,Pass,bpass77@ovh.net,F,I am Brooks Pass. I love Snowflake.
261,Hallsy,Daveridge,hdaveridge78@domainmarket.com,M,I am Hallsy Daveridge. I love Snowflake.
262,Guenevere,Quibell,gquibell79@unc.edu,F,I am Guenevere Quibell. I love Snowflake.
263,Christin,Collcott,ccollcott7a@illinois.edu,F,I am Christin Collcott. I love Snowflake.
264,Fabe,McMains,fmcmains7b@last.fm,M,I am Fabe McMains. I love Snowflake.
265,Marietta,Hugett,mhugett7c@uol.com.br,M,I am Marietta Hugett. I love Snowflake.
266,Natalya,Nelle,nnelle7d@theguardian.com,F,I am Natalya Nelle. I love Snowflake.
267,Friedrich,Hampe,fhampe7e@thetimes.co.uk,M,I am Friedrich Hampe. I love Snowflake.
268,Rosy,Walewicz,rwalewicz7f@biblegateway.com,F,I am Rosy Walewicz. I love Snowflake.
269,Nari,Ravenscroftt,nravenscroftt7g@seattletimes.com,F,I am Nari Ravenscroftt. I love Snowflake.
270,Birgit,Wisbey,bwisbey7h@ed.gov,F,I am Birgit Wisbey. I love Snowflake.
271,Basilio,Couper,bcouper7i@ucoz.ru,M,I am Basilio Couper. I love Snowflake.
272,Sebastien,Lammertz,slammertz7j@microsoft.com,M,I am Sebastien Lammertz. I love Snowflake.
273,Shanon,Markie,smarkie7k@biglobe.ne.jp,F,I am Shanon Markie. I love Snowflake.
274,Aaren,Dombrell,adombrell7l@chron.com,F,I am Aaren Dombrell. I love Snowflake.
275,Baird,Btham,bbtham7m@joomla.org,M,I am Baird Btham. I love Snowflake.
276,Judie,Kingswoode,jkingswoode7n@facebook.com,F,I am Judie Kingswoode. I love Snowflake.
277,Angelica,Quarles,aquarles7o@1688.com,F,I am Angelica Quarles. I love Snowflake.
278,Hillie,Gilburt,hgilburt7p@dedecms.com,M,I am Hillie Gilburt. I love Snowflake.
279,Gael,Winckle,gwinckle7q@bloglovin.com,M,I am Gael Winckle. I love Snowflake.
280,Burt,MacConnechie,bmacconnechie7r@forbes.com,M,I am Burt MacConnechie. I love Snowflake.
281,Russ,Meran,rmeran7s@clickbank.net,M,I am Russ Meran. I love Snowflake.
282,Frances,Annakin,fannakin7t@studiopress.com,F,I am Frances Annakin. I love Snowflake.
283,Augustina,Greenwood,agreenwood7u@cafepress.com,F,I am Augustina Greenwood. I love Snowflake.
284,Dew,Attaway,dattaway7v@prweb.com,M,I am Dew Attaway. I love Snowflake.
285,Sybille,Ghidetti,sghidetti7w@msu.edu,F,I am Sybille Ghidetti. I love Snowflake.
286,Andy,Gyorgy,agyorgy7x@linkedin.com,M,I am Andy Gyorgy. I love Snowflake.
287,Shelly,Aggett,saggett7y@msn.com,F,I am Shelly Aggett. I love Snowflake.
288,Cristine,Wyldbore,cwyldbore7z@php.net,F,I am Cristine Wyldbore. I love Snowflake.
289,Harley,Castelain,hcastelain80@sina.com.cn,M,I am Harley Castelain. I love Snowflake.
290,Fred,Toler,ftoler81@joomla.org,M,I am Fred Toler. I love Snowflake.
291,Mattie,Tottle,mtottle82@wikimedia.org,F,I am Mattie Tottle. I love Snowflake.
292,Paolo,MacMillan,pmacmillan83@xrea.com,M,I am Paolo MacMillan. I love Snowflake.
293,Ophelie,Storror,ostorror84@miibeian.gov.cn,F,I am Ophelie Storror. I love Snowflake.
294,Ede,Ruscoe,eruscoe85@infoseek.co.jp,F,I am Ede Ruscoe. I love Snowflake.
295,Bernadine,Dare,bdare86@over-blog.com,F,I am Bernadine Dare. I love Snowflake.
296,Xena,Hinckley,xhinckley87@cdbaby.com,F,I am Xena Hinckley. I love Snowflake.
297,Bridie,McCrillis,bmccrillis88@phoca.cz,F,I am Bridie McCrillis. I love Snowflake.
298,Tuckie,Lendrem,tlendrem89@yolasite.com,M,I am Tuckie Lendrem. I love Snowflake.
299,John,Claussen,jclaussen8a@cloudflare.com,M,I am John Claussen. I love Snowflake.
300,Darell,Butterwick,dbutterwick8b@ucla.edu,F,I am Darell Butterwick. I love Snowflake.
301,Othella,Hudspith,ohudspith8c@ca.gov,F,I am Othella Hudspith. I love Snowflake.
302,Silvie,Davidzon,sdavidzon8d@free.fr,F,I am Silvie Davidzon. I love Snowflake.
303,Natalina,Branchett,nbranchett8e@imageshack.us,F,I am Natalina Branchett. I love Snowflake.
304,Whitby,O'Geaney,wogeaney8f@dedecms.com,M,I am Whitby O'Geaney. I love Snowflake.
305,Odell,Simionescu,osimionescu8g@yale.edu,M,I am Odell Simionescu. I love Snowflake.
306,Carlin,Spackman,cspackman8h@ezinearticles.com,F,I am Carlin Spackman. I love Snowflake.
307,Blondy,Wyon,bwyon8i@miitbeian.gov.cn,F,I am Blondy Wyon. I love Snowflake.
308,Maria,Applewhaite,mapplewhaite8j@flavors.me,F,I am Maria Applewhaite. I love Snowflake.
309,Moss,Patient,mpatient8k@webeden.co.uk,M,I am Moss Patient. I love Snowflake.
310,Wittie,Colebeck,wcolebeck8l@elegantthemes.com,M,I am Wittie Colebeck. I love Snowflake.
311,Jenica,Cristoforetti,jcristoforetti8m@example.com,F,I am Jenica Cristoforetti. I love Snowflake.
312,Viki,Puddin,vpuddin8n@plala.or.jp,F,I am Viki Puddin. I love Snowflake.
313,Di,O'Sesnane,dosesnane8o@marketwatch.com,F,I am Di O'Sesnane. I love Snowflake.
314,Ebenezer,Antoney,eantoney8p@hibu.com,M,I am Ebenezer Antoney. I love Snowflake.
315,Leupold,Apthorpe,lapthorpe8q@tmall.com,M,I am Leupold Apthorpe. I love Snowflake.
316,Hanny,Shave,hshave8r@boston.com,F,I am Hanny Shave. I love Snowflake.
317,Sergei,Stripling,sstripling8s@printfriendly.com,M,I am Sergei Stripling. I love Snowflake.
318,Anallese,Bollis,abollis8t@oakley.com,F,I am Anallese Bollis. I love Snowflake.
319,Tobe,Carverhill,tcarverhill8u@bloomberg.com,M,I am Tobe Carverhill. I love Snowflake.
320,Mart,Railton,mrailton8v@nytimes.com,M,I am Mart Railton. I love Snowflake.
321,Kelbee,Zecchini,kzecchini8w@imdb.com,M,I am Kelbee Zecchini. I love Snowflake.
322,Cinda,Aronovitz,caronovitz8x@163.com,F,I am Cinda Aronovitz. I love Snowflake.
323,Nikolaus,Hyslop,nhyslop8y@accuweather.com,M,I am Nikolaus Hyslop. I love Snowflake.
324,Konstance,Wycliffe,kwycliffe8z@dropbox.com,F,I am Konstance Wycliffe. I love Snowflake.
325,Marsh,Bould,mbould90@cdc.gov,M,I am Marsh Bould. I love Snowflake.
326,Nestor,Dormer,ndormer91@google.ru,M,I am Nestor Dormer. I love Snowflake.
327,Lorne,Work,lwork92@lulu.com,F,I am Lorne Work. I love Snowflake.
328,Currey,Holme,cholme93@google.com.au,M,I am Currey Holme. I love Snowflake.
329,Fidelity,Marquot,fmarquot94@cornell.edu,F,I am Fidelity Marquot. I love Snowflake.
330,Loralee,McKeighan,lmckeighan95@google.fr,F,I am Loralee McKeighan. I love Snowflake.
331,Erich,Ungerechts,eungerechts96@wikimedia.org,M,I am Erich Ungerechts. I love Snowflake.
332,Ignaz,O'Crevan,iocrevan97@nih.gov,M,I am Ignaz O'Crevan. I love Snowflake.
333,Iorgo,Dowers,idowers98@nasa.gov,M,I am Iorgo Dowers. I love Snowflake.
334,Issi,Salatino,isalatino99@wsj.com,F,I am Issi Salatino. I love Snowflake.
335,Antonin,Leabeater,aleabeater9a@vistaprint.com,M,I am Antonin Leabeater. I love Snowflake.
336,Delila,Becerro,dbecerro9b@ed.gov,F,I am Delila Becerro. I love Snowflake.
337,Leila,Gergler,lgergler9c@intel.com,F,I am Leila Gergler. I love Snowflake.
338,Domenico,Kitcatt,dkitcatt9d@discuz.net,M,I am Domenico Kitcatt. I love Snowflake.
339,Morgan,Redpath,mredpath9e@businessweek.com,M,I am Morgan Redpath. I love Snowflake.
340,Evie,Clutton,eclutton9f@google.com.hk,F,I am Evie Clutton. I love Snowflake.
341,Johny,Schechter,jschechter9g@senate.gov,M,I am Johny Schechter. I love Snowflake.
342,Rivkah,McElory,rmcelory9h@dedecms.com,F,I am Rivkah McElory. I love Snowflake.
343,Vikki,Hannaford,vhannaford9i@seesaa.net,F,I am Vikki Hannaford. I love Snowflake.
344,Darnall,Uc,duc9j@imageshack.us,M,I am Darnall Uc. I love Snowflake.
345,Nelson,Woolcocks,nwoolcocks9k@spotify.com,M,I am Nelson Woolcocks. I love Snowflake.
346,Jeremy,Eccersley,jeccersley9l@shinystat.com,M,I am Jeremy Eccersley. I love Snowflake.
347,Reginauld,Bletcher,rbletcher9m@google.it,M,I am Reginauld Bletcher. I love Snowflake.
348,Fergus,Bows,fbows9n@ucsd.edu,M,I am Fergus Bows. I love Snowflake.
349,Pascal,Dilrew,pdilrew9o@phpbb.com,M,I am Pascal Dilrew. I love Snowflake.
350,Rubin,Koop,rkoop9p@bluehost.com,M,I am Rubin Koop. I love Snowflake.
351,Iorgo,Ruddell,iruddell9q@github.com,M,I am Iorgo Ruddell. I love Snowflake.
352,Ebenezer,Jimes,ejimes9r@youtube.com,M,I am Ebenezer Jimes. I love Snowflake.
353,Francesca,Bretherton,fbretherton9s@gov.uk,F,I am Francesca Bretherton. I love Snowflake.
354,Betteann,Dalloway,bdalloway9t@dyndns.org,F,I am Betteann Dalloway. I love Snowflake.
355,Cheslie,Edridge,cedridge9u@buzzfeed.com,F,I am Cheslie Edridge. I love Snowflake.
356,Correy,St Louis,cstlouis9v@discuz.net,M,I am Correy St Louis. I love Snowflake.
357,Gregoor,Dietmar,gdietmar9w@uol.com.br,M,I am Gregoor Dietmar. I love Snowflake.
358,Jethro,Troup,jtroup9x@cam.ac.uk,M,I am Jethro Troup. I love Snowflake.
359,Fleurette,Bolwell,fbolwell9y@biglobe.ne.jp,F,I am Fleurette Bolwell. I love Snowflake.
360,Humfrey,Greedier,hgreedier9z@theatlantic.com,M,I am Humfrey Greedier. I love Snowflake.
361,Midge,Stollberg,mstollberga0@statcounter.com,F,I am Midge Stollberg. I love Snowflake.
362,Cassandre,Dilley,cdilleya1@soup.io,F,I am Cassandre Dilley. I love Snowflake.
363,Bridgette,Rewbottom,brewbottoma2@tinyurl.com,F,I am Bridgette Rewbottom. I love Snowflake.
364,Georgetta,Spender,gspendera3@prweb.com,F,I am Georgetta Spender. I love Snowflake.
365,Ole,Outright,ooutrighta4@smh.com.au,M,I am Ole Outright. I love Snowflake.
366,Bill,Labat,blabata5@friendfeed.com,F,I am Bill Labat. I love Snowflake.
367,Rosmunda,Jerrans,rjerransa6@usa.gov,F,I am Rosmunda Jerrans. I love Snowflake.
368,Morgen,Hiskey,mhiskeya7@ucsd.edu,M,I am Morgen Hiskey. I love Snowflake.
369,Ingaberg,Buist,ibuista8@techcrunch.com,F,I am Ingaberg Buist. I love Snowflake.
370,Marigold,Hegerty,mhegertya9@wunderground.com,F,I am Marigold Hegerty. I love Snowflake.
371,Izak,Greyes,igreyesaa@skype.com,M,I am Izak Greyes. I love Snowflake.
372,Mamie,Adnett,madnettab@unicef.org,F,I am Mamie Adnett. I love Snowflake.
373,Agneta,Iozefovich,aiozefovichac@etsy.com,F,I am Agneta Iozefovich. I love Snowflake.
374,Aile,Impy,aimpyad@weibo.com,F,I am Aile Impy. I love Snowflake.
375,Page,Bick,pbickae@hibu.com,F,I am Page Bick. I love Snowflake.
376,Anett,Dorrian,adorrianaf@baidu.com,F,I am Anett Dorrian. I love Snowflake.
377,Suzy,Hankinson,shankinsonag@webs.com,F,I am Suzy Hankinson. I love Snowflake.
378,Emelina,Klagge,eklaggeah@elegantthemes.com,F,I am Emelina Klagge. I love Snowflake.
379,Fenelia,Naughton,fnaughtonai@illinois.edu,F,I am Fenelia Naughton. I love Snowflake.
380,Lani,Battabee,lbattabeeaj@blogtalkradio.com,F,I am Lani Battabee. I love Snowflake.
381,Stephannie,O Mullen,somullenak@alexa.com,F,I am Stephannie O Mullen. I love Snowflake.
382,Abdel,Scarce,ascarceal@un.org,M,I am Abdel Scarce. I love Snowflake.
383,Odille,Aviss,oavissam@merriam-webster.com,F,I am Odille Aviss. I love Snowflake.
384,Gabriellia,Duckfield,gduckfieldan@earthlink.net,F,I am Gabriellia Duckfield. I love Snowflake.
385,Ernaline,Leggate,eleggateao@icq.com,F,I am Ernaline Leggate. I love Snowflake.
386,Consuela,Macieja,cmaciejaap@auda.org.au,F,I am Consuela Macieja. I love Snowflake.
387,Leland,Mayston,lmaystonaq@xing.com,M,I am Leland Mayston. I love Snowflake.
388,Cleveland,Thicking,cthickingar@skyrock.com,M,I am Cleveland Thicking. I love Snowflake.
389,Barbi,Lorimer,blorimeras@bbb.org,F,I am Barbi Lorimer. I love Snowflake.
390,Bree,Hercules,bherculesat@instagram.com,F,I am Bree Hercules. I love Snowflake.
391,Stephani,Pestor,spestorau@uol.com.br,F,I am Stephani Pestor. I love Snowflake.
392,Vilhelmina,Handover,vhandoverav@cbslocal.com,F,I am Vilhelmina Handover. I love Snowflake.
393,Hilliard,Adanet,hadanetaw@economist.com,M,I am Hilliard Adanet. I love Snowflake.
394,Sela,Gauson,sgausonax@independent.co.uk,F,I am Sela Gauson. I love Snowflake.
395,Emmerich,Kirtley,ekirtleyay@samsung.com,M,I am Emmerich Kirtley. I love Snowflake.
396,Valentia,Curnock,vcurnockaz@usgs.gov,F,I am Valentia Curnock. I love Snowflake.
397,Gerik,Dochon,gdochonb0@godaddy.com,M,I am Gerik Dochon. I love Snowflake.
398,Cami,Golden,cgoldenb1@wufoo.com,F,I am Cami Golden. I love Snowflake.
399,Jourdain,McPeeters,jmcpeetersb2@yale.edu,M,I am Jourdain McPeeters. I love Snowflake.
400,Timi,Huddles,thuddlesb3@jiathis.com,F,I am Timi Huddles. I love Snowflake.
401,Debra,Stapford,dstapfordb4@yahoo.co.jp,F,I am Debra Stapford. I love Snowflake.
402,Aldridge,Covotti,acovottib5@answers.com,M,I am Aldridge Covotti. I love Snowflake.
403,Stella,Pheby,sphebyb6@gov.uk,F,I am Stella Pheby. I love Snowflake.
404,Cordelie,Glacken,cglackenb7@hexun.com,F,I am Cordelie Glacken. I love Snowflake.
405,Fraser,Lis,flisb8@time.com,M,I am Fraser Lis. I love Snowflake.
406,Delores,Ixer,dixerb9@aboutads.info,F,I am Delores Ixer. I love Snowflake.
407,Shea,Theze,sthezeba@amazon.co.uk,F,I am Shea Theze. I love Snowflake.
408,Natty,Iamittii,niamittiibb@admin.ch,F,I am Natty Iamittii. I love Snowflake.
409,Rivkah,MacMakin,rmacmakinbc@bravesites.com,F,I am Rivkah MacMakin. I love Snowflake.
410,Early,Biglin,ebiglinbd@independent.co.uk,M,I am Early Biglin. I love Snowflake.
411,Perle,Geistbeck,pgeistbeckbe@fotki.com,F,I am Perle Geistbeck. I love Snowflake.
412,Rickie,Gorler,rgorlerbf@yellowbook.com,M,I am Rickie Gorler. I love Snowflake.
413,Hettie,Youll,hyoullbg@ask.com,F,I am Hettie Youll. I love Snowflake.
414,Yelena,Croux,ycrouxbh@is.gd,F,I am Yelena Croux. I love Snowflake.
415,Gregory,Berg,gbergbi@icq.com,M,I am Gregory Berg. I love Snowflake.
416,Herculie,Habershaw,hhabershawbj@meetup.com,M,I am Herculie Habershaw. I love Snowflake.
417,Skippie,Marshal,smarshalbk@ow.ly,M,I am Skippie Marshal. I love Snowflake.
418,Kareem,Dur,kdurbl@dyndns.org,M,I am Kareem Dur. I love Snowflake.
419,Davidde,Reddlesden,dreddlesdenbm@surveymonkey.com,M,I am Davidde Reddlesden. I love Snowflake.
420,Dani,McTeer,dmcteerbn@163.com,M,I am Dani McTeer. I love Snowflake.
421,Xerxes,Keyworth,xkeyworthbo@ning.com,M,I am Xerxes Keyworth. I love Snowflake.
422,Matelda,Izakson,mizaksonbp@wired.com,F,I am Matelda Izakson. I love Snowflake.
423,Stan,Bittleson,sbittlesonbq@ucsd.edu,M,I am Stan Bittleson. I love Snowflake.
424,Guenevere,Mosby,gmosbybr@gov.uk,F,I am Guenevere Mosby. I love Snowflake.
425,Donica,Glasner,dglasnerbs@hostgator.com,F,I am Donica Glasner. I love Snowflake.
426,Dante,Monnelly,dmonnellybt@t-online.de,M,I am Dante Monnelly. I love Snowflake.
427,Aharon,Guarin,aguarinbu@lycos.com,M,I am Aharon Guarin. I love Snowflake.
428,Jessa,Older,jolderbv@craigslist.org,F,I am Jessa Older. I love Snowflake.
429,Heddie,Rignall,hrignallbw@illinois.edu,F,I am Heddie Rignall. I love Snowflake.
430,Anastasia,Banford,abanfordbx@mtv.com,F,I am Anastasia Banford. I love Snowflake.
431,Kittie,Beebis,kbeebisby@e-recht24.de,F,I am Kittie Beebis. I love Snowflake.
432,Tabitha,Billany,tbillanybz@pbs.org,F,I am Tabitha Billany. I love Snowflake.
433,Reube,McNalley,rmcnalleyc0@sourceforge.net,M,I am Reube McNalley. I love Snowflake.
434,Caren,Roakes,croakesc1@altervista.org,F,I am Caren Roakes. I love Snowflake.
435,Carmencita,Umbert,cumbertc2@apple.com,F,I am Carmencita Umbert. I love Snowflake.
436,Corney,Bruhn,cbruhnc3@vimeo.com,M,I am Corney Bruhn. I love Snowflake.
437,Amby,Fettiplace,afettiplacec4@tamu.edu,M,I am Amby Fettiplace. I love Snowflake.
438,Kitti,Thombleson,kthomblesonc5@bbc.co.uk,F,I am Kitti Thombleson. I love Snowflake.
439,Vergil,Vasyatkin,vvasyatkinc6@flavors.me,M,I am Vergil Vasyatkin. I love Snowflake.
440,Kim,Sessions,ksessionsc7@pbs.org,F,I am Kim Sessions. I love Snowflake.
441,Wash,Pavek,wpavekc8@mail.ru,M,I am Wash Pavek. I love Snowflake.
442,Luke,Mangeney,lmangeneyc9@slate.com,M,I am Luke Mangeney. I love Snowflake.
443,Nikolaos,Farres,nfarresca@creativecommons.org,M,I am Nikolaos Farres. I love Snowflake.
444,Lory,Lathey,llatheycb@creativecommons.org,F,I am Lory Lathey. I love Snowflake.
445,Smith,Domnick,sdomnickcc@army.mil,M,I am Smith Domnick. I love Snowflake.
446,Glen,Mattholie,gmattholiecd@jimdo.com,M,I am Glen Mattholie. I love Snowflake.
447,Lee,Ace,lacece@chicagotribune.com,M,I am Lee Ace. I love Snowflake.
448,Holmes,Santi,hsanticf@sogou.com,M,I am Holmes Santi. I love Snowflake.
449,Garrek,Brahmer,gbrahmercg@sakura.ne.jp,M,I am Garrek Brahmer. I love Snowflake.
450,Niko,Lippi,nlippich@vinaora.com,M,I am Niko Lippi. I love Snowflake.
451,Palmer,Crosdill,pcrosdillci@live.com,M,I am Palmer Crosdill. I love Snowflake.
452,Anthea,Colby,acolbycj@dagondesign.com,F,I am Anthea Colby. I love Snowflake.
453,Travus,Everett,teverettck@japanpost.jp,M,I am Travus Everett. I love Snowflake.
454,Adelind,Odde,aoddecl@indiatimes.com,F,I am Adelind Odde. I love Snowflake.
455,Hercule,Chesworth,hchesworthcm@stumbleupon.com,M,I am Hercule Chesworth. I love Snowflake.
456,Jerrold,Stithe,jstithecn@histats.com,M,I am Jerrold Stithe. I love Snowflake.
457,Nessy,Fullstone,nfullstoneco@reverbnation.com,F,I am Nessy Fullstone. I love Snowflake.
458,Berny,Leaming,bleamingcp@ameblo.jp,F,I am Berny Leaming. I love Snowflake.
459,Trescha,Flode,tflodecq@tiny.cc,F,I am Trescha Flode. I love Snowflake.
460,Maryanna,Iskowitz,miskowitzcr@wunderground.com,F,I am Maryanna Iskowitz. I love Snowflake.
461,Kaila,Cogdon,kcogdoncs@mit.edu,F,I am Kaila Cogdon. I love Snowflake.
462,Jerome,Broomfield,jbroomfieldct@newyorker.com,M,I am Jerome Broomfield. I love Snowflake.
463,Gwendolin,Champerlen,gchamperlencu@blog.com,F,I am Gwendolin Champerlen. I love Snowflake.
464,Chris,Lennarde,clennardecv@pcworld.com,M,I am Chris Lennarde. I love Snowflake.
465,Alfie,Rainbird,arainbirdcw@jiathis.com,M,I am Alfie Rainbird. I love Snowflake.
466,Pierson,Pedreschi,ppedreschicx@naver.com,M,I am Pierson Pedreschi. I love Snowflake.
467,Burke,Bartalini,bbartalinicy@flickr.com,M,I am Burke Bartalini. I love Snowflake.
468,Chrissie,Schwerin,cschwerincz@mysql.com,F,I am Chrissie Schwerin. I love Snowflake.
469,Shay,Sheer,ssheerd0@exblog.jp,M,I am Shay Sheer. I love Snowflake.
470,Orv,Buffham,obuffhamd1@jigsy.com,M,I am Orv Buffham. I love Snowflake.
471,Pattie,Weaben,pweabend2@mlb.com,M,I am Pattie Weaben. I love Snowflake.
472,Helaina,Brandenberg,hbrandenbergd3@marketwatch.com,F,I am Helaina Brandenberg. I love Snowflake.
473,Esme,Hyslop,ehyslopd4@imageshack.us,F,I am Esme Hyslop. I love Snowflake.
474,Jonathan,Kilban,jkilband5@usda.gov,M,I am Jonathan Kilban. I love Snowflake.
475,Denver,Fay,dfayd6@devhub.com,M,I am Denver Fay. I love Snowflake.
476,Latisha,Stapleton,lstapletond7@ask.com,F,I am Latisha Stapleton. I love Snowflake.
477,Tessi,Allright,tallrightd8@imdb.com,F,I am Tessi Allright. I love Snowflake.
478,Merrile,Helks,mhelksd9@spiegel.de,F,I am Merrile Helks. I love Snowflake.
479,Parke,Gudyer,pgudyerda@tripadvisor.com,M,I am Parke Gudyer. I love Snowflake.
480,Babita,Beneteau,bbeneteaudb@omniture.com,F,I am Babita Beneteau. I love Snowflake.
481,Harlen,Bamlet,hbamletdc@salon.com,M,I am Harlen Bamlet. I love Snowflake.
482,Eugene,Carsey,ecarseydd@reference.com,M,I am Eugene Carsey. I love Snowflake.
483,Mitch,Gwillym,mgwillymde@sun.com,M,I am Mitch Gwillym. I love Snowflake.
484,Chalmers,Kleanthous,ckleanthousdf@economist.com,M,I am Chalmers Kleanthous. I love Snowflake.
485,Shoshana,Ithell,sithelldg@state.gov,F,I am Shoshana Ithell. I love Snowflake.
486,Alison,Castellone,acastellonedh@goo.gl,F,I am Alison Castellone. I love Snowflake.
487,Ezri,Maskew,emaskewdi@shinystat.com,M,I am Ezri Maskew. I love Snowflake.
488,Alexi,Eighteen,aeighteendj@odnoklassniki.ru,F,I am Alexi Eighteen. I love Snowflake.
489,Darn,Farnhill,dfarnhilldk@posterous.com,M,I am Darn Farnhill. I love Snowflake.
490,Lionel,Saenz,lsaenzdl@nhs.uk,M,I am Lionel Saenz. I love Snowflake.
491,Stefa,Hirjak,shirjakdm@themeforest.net,F,I am Stefa Hirjak. I love Snowflake.
492,Pasquale,Loney,ploneydn@pinterest.com,M,I am Pasquale Loney. I love Snowflake.
493,Libby,Ochiltree,lochiltreedo@usgs.gov,F,I am Libby Ochiltree. I love Snowflake.
494,Artemas,Dorsey,adorseydp@g.co,M,I am Artemas Dorsey. I love Snowflake.
495,Alyda,Dougherty,adoughertydq@google.com.au,F,I am Alyda Dougherty. I love Snowflake.
496,Irving,Benazet,ibenazetdr@toplist.cz,M,I am Irving Benazet. I love Snowflake.
497,Barris,Deinhard,bdeinhardds@gravatar.com,M,I am Barris Deinhard. I love Snowflake.
498,Gerry,Sidebotham,gsidebothamdt@about.me,F,I am Gerry Sidebotham. I love Snowflake.
499,Sutton,Springer,sspringerdu@blogs.com,M,I am Sutton Springer. I love Snowflake.
500,Suzette,Autry,sautrydv@pinterest.com,F,I am Suzette Autry. I love Snowflake.
501,Richart,Glenn,rglenndw@sogou.com,M,I am Richart Glenn. I love Snowflake.
502,Billye,Ody,bodydx@lycos.com,F,I am Billye Ody. I love Snowflake.
503,Lester,Mole,lmoledy@nymag.com,M,I am Lester Mole. I love Snowflake.
504,Hynda,Leroy,hleroydz@whitehouse.gov,F,I am Hynda Leroy. I love Snowflake.
505,Federica,Coe,fcoee0@comcast.net,F,I am Federica Coe. I love Snowflake.
506,Nicolea,Gillino,ngillinoe1@pinterest.com,F,I am Nicolea Gillino. I love Snowflake.
507,Theodoric,MacPhail,tmacphaile2@ftc.gov,M,I am Theodoric MacPhail. I love Snowflake.
508,Star,Wigmore,swigmoree3@vkontakte.ru,F,I am Star Wigmore. I love Snowflake.
509,Reinaldos,Gellion,rgellione4@lulu.com,M,I am Reinaldos Gellion. I love Snowflake.
510,Travus,Ginity,tginitye5@google.nl,M,I am Travus Ginity. I love Snowflake.
511,Alden,Hailey,ahaileye6@lycos.com,M,I am Alden Hailey. I love Snowflake.
512,Athena,Pimbley,apimbleye7@multiply.com,F,I am Athena Pimbley. I love Snowflake.
513,Maxie,Glassborow,mglassborowe8@newsvine.com,F,I am Maxie Glassborow. I love Snowflake.
514,Sibyl,Carabet,scarabete9@hexun.com,M,I am Sibyl Carabet. I love Snowflake.
515,Brian,Maskall,bmaskallea@omniture.com,M,I am Brian Maskall. I love Snowflake.
516,Casandra,Crowson,ccrowsoneb@tiny.cc,F,I am Casandra Crowson. I love Snowflake.
517,Aldon,Beelby,abeelbyec@google.com.au,M,I am Aldon Beelby. I love Snowflake.
518,Orbadiah,Shear,osheared@ucoz.com,M,I am Orbadiah Shear. I love Snowflake.
519,Tate,Anscott,tanscottee@plala.or.jp,F,I am Tate Anscott. I love Snowflake.
520,Corissa,Wimbush,cwimbushef@technorati.com,F,I am Corissa Wimbush. I love Snowflake.
521,Goran,McGifford,gmcgiffordeg@rediff.com,M,I am Goran McGifford. I love Snowflake.
522,Vic,Prime,vprimeeh@g.co,M,I am Vic Prime. I love Snowflake.
523,Ed,Yokel,eyokelei@instagram.com,M,I am Ed Yokel. I love Snowflake.
524,Renelle,Lyman,rlymanej@admin.ch,F,I am Renelle Lyman. I love Snowflake.
525,Ema,Sidery,esideryek@buzzfeed.com,F,I am Ema Sidery. I love Snowflake.
526,Raven,Barrim,rbarrimel@123-reg.co.uk,F,I am Raven Barrim. I love Snowflake.
527,Albrecht,Norsister,anorsisterem@ucoz.com,M,I am Albrecht Norsister. I love Snowflake.
528,Clemence,Feathers,cfeathersen@about.me,F,I am Clemence Feathers. I love Snowflake.
529,Margery,Abrahmer,mabrahmereo@addthis.com,F,I am Margery Abrahmer. I love Snowflake.
530,Nari,Foulgham,nfoulghamep@behance.net,F,I am Nari Foulgham. I love Snowflake.
531,Zedekiah,Mazey,zmazeyeq@un.org,M,I am Zedekiah Mazey. I love Snowflake.
532,Nikaniki,MacTrustram,nmactrustramer@webnode.com,F,I am Nikaniki MacTrustram. I love Snowflake.
533,Selma,Lammert,slammertes@google.com.hk,F,I am Selma Lammert. I love Snowflake.
534,Kendra,Duckels,kduckelset@shinystat.com,F,I am Kendra Duckels. I love Snowflake.
535,Candra,Lenthall,clenthalleu@wp.com,F,I am Candra Lenthall. I love Snowflake.
536,Bessie,Stellin,bstellinev@miibeian.gov.cn,F,I am Bessie Stellin. I love Snowflake.
537,Normie,Burnhard,nburnhardew@nbcnews.com,M,I am Normie Burnhard. I love Snowflake.
538,Michel,McChesney,mmcchesneyex@yahoo.co.jp,F,I am Michel McChesney. I love Snowflake.
539,Bryn,Gilfoyle,bgilfoyleey@gravatar.com,F,I am Bryn Gilfoyle. I love Snowflake.
540,Angus,Braitling,abraitlingez@soup.io,M,I am Angus Braitling. I love Snowflake.
541,Sheelagh,Mixer,smixerf0@icq.com,F,I am Sheelagh Mixer. I love Snowflake.
542,Brigit,Jope,bjopef1@constantcontact.com,F,I am Brigit Jope. I love Snowflake.
543,Editha,Ledley,eledleyf2@mashable.com,F,I am Editha Ledley. I love Snowflake.
544,Kaine,Barden,kbardenf3@desdev.cn,M,I am Kaine Barden. I love Snowflake.
545,Marcelle,Newby,mnewbyf4@mtv.com,F,I am Marcelle Newby. I love Snowflake.
546,Ester,Balaizot,ebalaizotf5@360.cn,F,I am Ester Balaizot. I love Snowflake.
547,Cinnamon,Pickerell,cpickerellf6@latimes.com,F,I am Cinnamon Pickerell. I love Snowflake.
548,Ede,Tuminini,etumininif7@ox.ac.uk,F,I am Ede Tuminini. I love Snowflake.
549,Sibbie,Iorio,sioriof8@slashdot.org,F,I am Sibbie Iorio. I love Snowflake.
550,Ezekiel,Doust,edoustf9@comcast.net,M,I am Ezekiel Doust. I love Snowflake.
551,Quinton,Eggleson,qegglesonfa@smugmug.com,M,I am Quinton Eggleson. I love Snowflake.
552,Ida,McDavid,imcdavidfb@foxnews.com,F,I am Ida McDavid. I love Snowflake.
553,Shelden,Tomes,stomesfc@mozilla.org,M,I am Shelden Tomes. I love Snowflake.
554,Roth,Goodbody,rgoodbodyfd@nasa.gov,M,I am Roth Goodbody. I love Snowflake.
555,Kaile,Godding,kgoddingfe@foxnews.com,F,I am Kaile Godding. I love Snowflake.
556,Joe,Von Der Empten,jvonderemptenff@engadget.com,M,I am Joe Von Der Empten. I love Snowflake.
557,Janel,Hoopper,jhoopperfg@fastcompany.com,F,I am Janel Hoopper. I love Snowflake.
558,Torie,Cory,tcoryfh@123-reg.co.uk,F,I am Torie Cory. I love Snowflake.
559,Salvador,Bazoche,sbazochefi@hc360.com,M,I am Salvador Bazoche. I love Snowflake.
560,Martica,Luchetti,mluchettifj@hc360.com,F,I am Martica Luchetti. I love Snowflake.
561,Anallise,Lavallie,alavalliefk@slashdot.org,F,I am Anallise Lavallie. I love Snowflake.
562,Katrina,Fontenot,kfontenotfl@icio.us,F,I am Katrina Fontenot. I love Snowflake.
563,Willdon,Pullen,wpullenfm@mac.com,M,I am Willdon Pullen. I love Snowflake.
564,Valentine,Ruprecht,vruprechtfn@japanpost.jp,M,I am Valentine Ruprecht. I love Snowflake.
565,Elmo,Slyvester,eslyvesterfo@accuweather.com,M,I am Elmo Slyvester. I love Snowflake.
566,Dirk,Reis,dreisfp@privacy.gov.au,M,I am Dirk Reis. I love Snowflake.
567,Starr,Dalgarnowch,sdalgarnowchfq@cmu.edu,F,I am Starr Dalgarnowch. I love Snowflake.
568,Bari,Book,bbookfr@chron.com,F,I am Bari Book. I love Snowflake.
569,Aloise,Artois,aartoisfs@utexas.edu,F,I am Aloise Artois. I love Snowflake.
570,Atalanta,Von Helmholtz,avonhelmholtzft@nytimes.com,F,I am Atalanta Von Helmholtz. I love Snowflake.
571,Bessie,Rickarsey,brickarseyfu@tripadvisor.com,F,I am Bessie Rickarsey. I love Snowflake.
572,Abbe,Clarkin,aclarkinfv@apple.com,M,I am Abbe Clarkin. I love Snowflake.
573,Vernor,Monget,vmongetfw@goodreads.com,M,I am Vernor Monget. I love Snowflake.
574,Grantley,Hepher,ghepherfx@craigslist.org,M,I am Grantley Hepher. I love Snowflake.
575,Daffie,Clewlow,dclewlowfy@salon.com,F,I am Daffie Clewlow. I love Snowflake.
576,Vaughan,Verna,vvernafz@jugem.jp,M,I am Vaughan Verna. I love Snowflake.
577,Julietta,Jennaroy,jjennaroyg0@google.ru,F,I am Julietta Jennaroy. I love Snowflake.
578,Alissa,Rosenau,arosenaug1@linkedin.com,F,I am Alissa Rosenau. I love Snowflake.
579,Briano,Tison,btisong2@constantcontact.com,M,I am Briano Tison. I love Snowflake.
580,Natalee,Potteril,npotterilg3@macromedia.com,F,I am Natalee Potteril. I love Snowflake.
581,Leila,Bon,lbong4@va.gov,F,I am Leila Bon. I love Snowflake.
582,Jasmina,Salvador,jsalvadorg5@chicagotribune.com,F,I am Jasmina Salvador. I love Snowflake.
583,Lexis,Parvin,lparving6@google.pl,F,I am Lexis Parvin. I love Snowflake.
584,Fara,Kyston,fkystong7@phoca.cz,F,I am Fara Kyston. I love Snowflake.
585,Fabio,Buckam,fbuckamg8@ibm.com,M,I am Fabio Buckam. I love Snowflake.
586,Boothe,Hamshaw,bhamshawg9@scientificamerican.com,M,I am Boothe Hamshaw. I love Snowflake.
587,Pierce,Mathou,pmathouga@cnbc.com,M,I am Pierce Mathou. I love Snowflake.
588,Ainslee,de Glanville,adeglanvillegb@dell.com,F,I am Ainslee de Glanville. I love Snowflake.
589,Matthaeus,Horley,mhorleygc@fema.gov,M,I am Matthaeus Horley. I love Snowflake.
590,Glori,Spybey,gspybeygd@oakley.com,F,I am Glori Spybey. I love Snowflake.
591,Adrianna,Tomenson,atomensonge@usatoday.com,F,I am Adrianna Tomenson. I love Snowflake.
592,Agna,Barme,abarmegf@ted.com,F,I am Agna Barme. I love Snowflake.
593,Sheena,Marty,smartygg@rediff.com,F,I am Sheena Marty. I love Snowflake.
594,Aime,Schops,aschopsgh@answers.com,F,I am Aime Schops. I love Snowflake.
595,Hestia,Yates,hyatesgi@google.fr,F,I am Hestia Yates. I love Snowflake.
596,Sarge,Olech,solechgj@theatlantic.com,M,I am Sarge Olech. I love Snowflake.
597,Indira,Fiennes,ifiennesgk@blinklist.com,F,I am Indira Fiennes. I love Snowflake.
598,Bev,Tombling,btomblinggl@ehow.com,F,I am Bev Tombling. I love Snowflake.
599,Daren,Galle,dgallegm@weebly.com,M,I am Daren Galle. I love Snowflake.
600,Fancie,Van der Brug,fvanderbruggn@godaddy.com,F,I am Fancie Van der Brug. I love Snowflake.
601,Alie,Nansom,anansomgo@nsw.gov.au,F,I am Alie Nansom. I love Snowflake.
602,Val,Jann,vjanngp@bloomberg.com,M,I am Val Jann. I love Snowflake.
603,Wilhelmina,Starling,wstarlinggq@miitbeian.gov.cn,F,I am Wilhelmina Starling. I love Snowflake.
604,Rhianon,Farquhar,rfarquhargr@google.com,F,I am Rhianon Farquhar. I love Snowflake.
605,Dee,Whenham,dwhenhamgs@ifeng.com,F,I am Dee Whenham. I love Snowflake.
606,Lyndsey,Bellow,lbellowgt@blogtalkradio.com,F,I am Lyndsey Bellow. I love Snowflake.
607,Zea,Housegoe,zhousegoegu@deliciousdays.com,F,I am Zea Housegoe. I love Snowflake.
608,Karlis,Ioselevich,kioselevichgv@java.com,M,I am Karlis Ioselevich. I love Snowflake.
609,Lynnea,Warn,lwarngw@g.co,F,I am Lynnea Warn. I love Snowflake.
610,Lance,McCombe,lmccombegx@google.com,M,I am Lance McCombe. I love Snowflake.
611,Di,Meckiff,dmeckiffgy@nba.com,F,I am Di Meckiff. I love Snowflake.
612,Jacklyn,Baal,jbaalgz@is.gd,F,I am Jacklyn Baal. I love Snowflake.
613,Robinson,Lawler,rlawlerh0@freewebs.com,M,I am Robinson Lawler. I love Snowflake.
614,Aile,Guillford,aguillfordh1@springer.com,F,I am Aile Guillford. I love Snowflake.
615,Cassey,Silburn,csilburnh2@xing.com,F,I am Cassey Silburn. I love Snowflake.
616,Bar,Chelnam,bchelnamh3@sphinn.com,M,I am Bar Chelnam. I love Snowflake.
617,Reggis,Stolberger,rstolbergerh4@ucoz.ru,M,I am Reggis Stolberger. I love Snowflake.
618,Myrwyn,Greenmon,mgreenmonh5@epa.gov,M,I am Myrwyn Greenmon. I love Snowflake.
619,Far,Harrinson,fharrinsonh6@smugmug.com,M,I am Far Harrinson. I love Snowflake.
620,Virge,Lalonde,vlalondeh7@angelfire.com,M,I am Virge Lalonde. I love Snowflake.
621,Rodger,O'Bradain,robradainh8@etsy.com,M,I am Rodger O'Bradain. I love Snowflake.
622,Derby,O'Glessane,doglessaneh9@house.gov,M,I am Derby O'Glessane. I love Snowflake.
623,Suzanne,Wanless,swanlessha@globo.com,F,I am Suzanne Wanless. I love Snowflake.
624,Maxine,McCourt,mmccourthb@yelp.com,F,I am Maxine McCourt. I love Snowflake.
625,Gabriellia,Labuschagne,glabuschagnehc@livejournal.com,F,I am Gabriellia Labuschagne. I love Snowflake.
626,Dawna,O'Shiel,doshielhd@ucsd.edu,F,I am Dawna O'Shiel. I love Snowflake.
627,Gilbertine,Rachuig,grachuighe@51.la,F,I am Gilbertine Rachuig. I love Snowflake.
628,Sherman,Spradbrow,sspradbrowhf@cpanel.net,M,I am Sherman Spradbrow. I love Snowflake.
629,Annalee,Dirr,adirrhg@tiny.cc,F,I am Annalee Dirr. I love Snowflake.
630,Saidee,Minshall,sminshallhh@virginia.edu,F,I am Saidee Minshall. I love Snowflake.
631,Adena,Pickring,apickringhi@google.com,F,I am Adena Pickring. I love Snowflake.
632,Patty,Jean,pjeanhj@abc.net.au,M,I am Patty Jean. I love Snowflake.
633,Idell,Vidgeon,ividgeonhk@usa.gov,F,I am Idell Vidgeon. I love Snowflake.
634,Cherianne,Petrushanko,cpetrushankohl@ebay.com,F,I am Cherianne Petrushanko. I love Snowflake.
635,Jacki,Barbery,jbarberyhm@elegantthemes.com,F,I am Jacki Barbery. I love Snowflake.
636,Thibaut,Mottinelli,tmottinellihn@amazon.de,M,I am Thibaut Mottinelli. I love Snowflake.
637,Marrilee,Thirst,mthirstho@ustream.tv,F,I am Marrilee Thirst. I love Snowflake.
638,Jed,Tome,jtomehp@stanford.edu,M,I am Jed Tome. I love Snowflake.
639,Allyn,Gutman,agutmanhq@ucsd.edu,M,I am Allyn Gutman. I love Snowflake.
640,Chen,Daniely,cdanielyhr@rakuten.co.jp,M,I am Chen Daniely. I love Snowflake.
641,Bruce,Maskelyne,bmaskelynehs@bizjournals.com,M,I am Bruce Maskelyne. I love Snowflake.
642,Frans,Stores,fstoresht@dot.gov,M,I am Frans Stores. I love Snowflake.
643,Ervin,Giller,egillerhu@europa.eu,M,I am Ervin Giller. I love Snowflake.
644,Currey,Jamson,cjamsonhv@youku.com,M,I am Currey Jamson. I love Snowflake.
645,Dacie,Underdown,dunderdownhw@usnews.com,F,I am Dacie Underdown. I love Snowflake.
646,Elva,Shergill,eshergillhx@samsung.com,F,I am Elva Shergill. I love Snowflake.
647,Kelsey,Fishly,kfishlyhy@dell.com,F,I am Kelsey Fishly. I love Snowflake.
648,Cyrillus,Union,cunionhz@desdev.cn,M,I am Cyrillus Union. I love Snowflake.
649,Ruthie,McTeer,rmcteeri0@uol.com.br,F,I am Ruthie McTeer. I love Snowflake.
650,Everett,Lendrem,elendremi1@weebly.com,M,I am Everett Lendrem. I love Snowflake.
651,Tamas,Boram,tborami2@webeden.co.uk,M,I am Tamas Boram. I love Snowflake.
652,Allene,Urien,aurieni3@dion.ne.jp,F,I am Allene Urien. I love Snowflake.
653,Adler,Aguirrezabala,aaguirrezabalai4@ifeng.com,M,I am Adler Aguirrezabala. I love Snowflake.
654,Lissa,Pietzker,lpietzkeri5@edublogs.org,F,I am Lissa Pietzker. I love Snowflake.
655,Mikel,Bavester,mbavesteri6@sphinn.com,M,I am Mikel Bavester. I love Snowflake.
656,Thom,Seak,tseaki7@timesonline.co.uk,M,I am Thom Seak. I love Snowflake.
657,Laurianne,Ainscow,lainscowi8@usatoday.com,F,I am Laurianne Ainscow. I love Snowflake.
658,Arnaldo,Dace,adacei9@npr.org,M,I am Arnaldo Dace. I love Snowflake.
659,June,Uwins,juwinsia@163.com,F,I am June Uwins. I love Snowflake.
660,Joelynn,Hubbard,jhubbardib@typepad.com,F,I am Joelynn Hubbard. I love Snowflake.
661,Ruthanne,Ikin,rikinic@skype.com,F,I am Ruthanne Ikin. I love Snowflake.
662,Nolan,Jehaes,njehaesid@sciencedaily.com,M,I am Nolan Jehaes. I love Snowflake.
663,Tabatha,Caven,tcavenie@princeton.edu,F,I am Tabatha Caven. I love Snowflake.
664,Darnell,Simes,dsimesif@tinyurl.com,M,I am Darnell Simes. I love Snowflake.
665,Otha,Nabbs,onabbsig@bbc.co.uk,F,I am Otha Nabbs. I love Snowflake.
666,Halette,Livock,hlivockih@github.com,F,I am Halette Livock. I love Snowflake.
667,Evy,Corragan,ecorraganii@blogger.com,F,I am Evy Corragan. I love Snowflake.
668,Tatiania,Gaytor,tgaytorij@exblog.jp,F,I am Tatiania Gaytor. I love Snowflake.
669,Waiter,Boatwright,wboatwrightik@rediff.com,M,I am Waiter Boatwright. I love Snowflake.
670,Preston,Cherrett,pcherrettil@wikimedia.org,M,I am Preston Cherrett. I love Snowflake.
671,Dominica,Pleaden,dpleadenim@ihg.com,F,I am Dominica Pleaden. I love Snowflake.
672,Olin,Cregan,ocreganin@furl.net,M,I am Olin Cregan. I love Snowflake.
673,Garold,De Paoli,gdepaoliio@opensource.org,M,I am Garold De Paoli. I love Snowflake.
674,Nicky,Elloway,nellowayip@nih.gov,M,I am Nicky Elloway. I love Snowflake.
675,Isaiah,Shimony,ishimonyiq@hhs.gov,M,I am Isaiah Shimony. I love Snowflake.
676,Rayna,Huby,rhubyir@cnet.com,F,I am Rayna Huby. I love Snowflake.
677,Caldwell,Bagot,cbagotis@google.co.jp,M,I am Caldwell Bagot. I love Snowflake.
678,Kingsley,Jerrans,kjerransit@simplemachines.org,M,I am Kingsley Jerrans. I love Snowflake.
679,Ronda,Tomicki,rtomickiiu@msn.com,F,I am Ronda Tomicki. I love Snowflake.
680,Umberto,Bankhurst,ubankhurstiv@prnewswire.com,M,I am Umberto Bankhurst. I love Snowflake.
681,Waly,Ransley,wransleyiw@drupal.org,F,I am Waly Ransley. I love Snowflake.
682,Dorisa,Gradly,dgradlyix@furl.net,F,I am Dorisa Gradly. I love Snowflake.
683,Ambur,Squibbes,asquibbesiy@wisc.edu,F,I am Ambur Squibbes. I love Snowflake.
684,Hadlee,Passey,hpasseyiz@123-reg.co.uk,M,I am Hadlee Passey. I love Snowflake.
685,Ashley,Teggin,ategginj0@google.es,M,I am Ashley Teggin. I love Snowflake.
686,Ximenez,Hobson,xhobsonj1@arstechnica.com,M,I am Ximenez Hobson. I love Snowflake.
687,Gertrude,Wilber,gwilberj2@cdc.gov,F,I am Gertrude Wilber. I love Snowflake.
688,Kennie,Romeo,kromeoj3@behance.net,M,I am Kennie Romeo. I love Snowflake.
689,Cherey,Phin,cphinj4@issuu.com,F,I am Cherey Phin. I love Snowflake.
690,Chandler,Burgill,cburgillj5@merriam-webster.com,M,I am Chandler Burgill. I love Snowflake.
691,Ezechiel,Awde,eawdej6@bloomberg.com,M,I am Ezechiel Awde. I love Snowflake.
692,Cecilla,Gozney,cgozneyj7@over-blog.com,F,I am Cecilla Gozney. I love Snowflake.
693,Juliann,Andrzejewski,jandrzejewskij8@mediafire.com,F,I am Juliann Andrzejewski. I love Snowflake.
694,Herve,Jinkin,hjinkinj9@exblog.jp,M,I am Herve Jinkin. I love Snowflake.
695,Lamar,Swadon,lswadonja@sitemeter.com,M,I am Lamar Swadon. I love Snowflake.
696,Allis,Peres,aperesjb@networkadvertising.org,F,I am Allis Peres. I love Snowflake.
697,Jodie,Quinnelly,jquinnellyjc@mozilla.org,F,I am Jodie Quinnelly. I love Snowflake.
698,Marti,Bebbington,mbebbingtonjd@chicagotribune.com,F,I am Marti Bebbington. I love Snowflake.
699,Krystal,Zanni,kzannije@paginegialle.it,F,I am Krystal Zanni. I love Snowflake.
700,Tomlin,Aizikov,taizikovjf@theguardian.com,M,I am Tomlin Aizikov. I love Snowflake.
701,Brade,Pelos,bpelosjg@gizmodo.com,M,I am Brade Pelos. I love Snowflake.
702,Laura,Prisk,lpriskjh@examiner.com,F,I am Laura Prisk. I love Snowflake.
703,Maisie,Pierrepoint,mpierrepointji@bandcamp.com,F,I am Maisie Pierrepoint. I love Snowflake.
704,Reamonn,Larner,rlarnerjj@alibaba.com,M,I am Reamonn Larner. I love Snowflake.
705,Isa,Schubert,ischubertjk@google.co.jp,M,I am Isa Schubert. I love Snowflake.
706,Nessy,Bachelar,nbachelarjl@biblegateway.com,F,I am Nessy Bachelar. I love Snowflake.
707,Killie,Kirlin,kkirlinjm@indiatimes.com,M,I am Killie Kirlin. I love Snowflake.
708,Nalani,Janeczek,njaneczekjn@hostgator.com,F,I am Nalani Janeczek. I love Snowflake.
709,Julieta,Langhorne,jlanghornejo@shareasale.com,F,I am Julieta Langhorne. I love Snowflake.
710,Biron,Sarchwell,bsarchwelljp@whitehouse.gov,M,I am Biron Sarchwell. I love Snowflake.
711,Sandra,McGrady,smcgradyjq@angelfire.com,F,I am Sandra McGrady. I love Snowflake.
712,Leonerd,Sisneros,lsisnerosjr@tiny.cc,M,I am Leonerd Sisneros. I love Snowflake.
713,Herculie,Canto,hcantojs@ucoz.ru,M,I am Herculie Canto. I love Snowflake.
714,Hillier,Keilloh,hkeillohjt@devhub.com,M,I am Hillier Keilloh. I love Snowflake.
715,Earlie,Lockier,elockierju@japanpost.jp,M,I am Earlie Lockier. I love Snowflake.
716,Matthias,Haswell,mhaswelljv@ezinearticles.com,M,I am Matthias Haswell. I love Snowflake.
717,Adler,Rosengart,arosengartjw@hibu.com,M,I am Adler Rosengart. I love Snowflake.
718,Devina,Sievewright,dsievewrightjx@mail.ru,F,I am Devina Sievewright. I love Snowflake.
719,Isidore,Wathan,iwathanjy@soup.io,M,I am Isidore Wathan. I love Snowflake.
720,Janis,Weafer,jweaferjz@tamu.edu,F,I am Janis Weafer. I love Snowflake.
721,Erick,Spirit,espiritk0@1und1.de,M,I am Erick Spirit. I love Snowflake.
722,Jessy,Domb,jdombk1@yellowpages.com,F,I am Jessy Domb. I love Snowflake.
723,Zelda,Shipcott,zshipcottk2@ox.ac.uk,F,I am Zelda Shipcott. I love Snowflake.
724,Orran,Nudds,onuddsk3@ucsd.edu,M,I am Orran Nudds. I love Snowflake.
725,Allister,Polino,apolinok4@histats.com,M,I am Allister Polino. I love Snowflake.
726,Marnia,Goublier,mgoublierk5@pbs.org,F,I am Marnia Goublier. I love Snowflake.
727,Rosy,Hawkey,rhawkeyk6@economist.com,F,I am Rosy Hawkey. I love Snowflake.
728,Dillie,Whitlock,dwhitlockk7@nature.com,M,I am Dillie Whitlock. I love Snowflake.
729,Hank,Walkowski,hwalkowskik8@accuweather.com,M,I am Hank Walkowski. I love Snowflake.
730,Aeriela,Donohoe,adonohoek9@cnn.com,F,I am Aeriela Donohoe. I love Snowflake.
731,Essa,Heare,eheareka@elpais.com,F,I am Essa Heare. I love Snowflake.
732,Gabbie,Jirus,gjiruskb@princeton.edu,M,I am Gabbie Jirus. I love Snowflake.
733,Luella,Kleinholz,lkleinholzkc@shinystat.com,F,I am Luella Kleinholz. I love Snowflake.
734,Riccardo,Cadden,rcaddenkd@pen.io,M,I am Riccardo Cadden. I love Snowflake.
735,Ede,Ranger,erangerke@about.me,F,I am Ede Ranger. I love Snowflake.
736,Cherey,Sercombe,csercombekf@msn.com,F,I am Cherey Sercombe. I love Snowflake.
737,Killian,Lambertz,klambertzkg@goodreads.com,M,I am Killian Lambertz. I love Snowflake.
738,Harriot,Vasilov,hvasilovkh@japanpost.jp,F,I am Harriot Vasilov. I love Snowflake.
739,Lynsey,McRobert,lmcrobertki@soundcloud.com,F,I am Lynsey McRobert. I love Snowflake.
740,Derby,Witul,dwitulkj@webnode.com,M,I am Derby Witul. I love Snowflake.
741,Fin,McNeice,fmcneicekk@clickbank.net,M,I am Fin McNeice. I love Snowflake.
742,Katherina,Gudahy,kgudahykl@princeton.edu,F,I am Katherina Gudahy. I love Snowflake.
743,Mehetabel,Kenningham,mkenninghamkm@flavors.me,F,I am Mehetabel Kenningham. I love Snowflake.
744,Ker,Eagleston,keaglestonkn@princeton.edu,M,I am Ker Eagleston. I love Snowflake.
745,Hanson,Buffy,hbuffyko@npr.org,M,I am Hanson Buffy. I love Snowflake.
746,Boyce,Younghusband,byounghusbandkp@nytimes.com,M,I am Boyce Younghusband. I love Snowflake.
747,Martyn,Danes,mdaneskq@biblegateway.com,M,I am Martyn Danes. I love Snowflake.
748,Hector,Demcak,hdemcakkr@about.me,M,I am Hector Demcak. I love Snowflake.
749,Jennette,Audenis,jaudenisks@51.la,F,I am Jennette Audenis. I love Snowflake.
750,Loren,Baddeley,lbaddeleykt@typepad.com,F,I am Loren Baddeley. I love Snowflake.
751,Olivier,Alentyev,oalentyevku@smh.com.au,M,I am Olivier Alentyev. I love Snowflake.
752,Jehu,Hafner,jhafnerkv@canalblog.com,M,I am Jehu Hafner. I love Snowflake.
753,Bobinette,Shaddock,bshaddockkw@fema.gov,F,I am Bobinette Shaddock. I love Snowflake.
754,Caspar,Tritten,ctrittenkx@mit.edu,M,I am Caspar Tritten. I love Snowflake.
755,Geraldine,Bamsey,gbamseyky@google.pl,F,I am Geraldine Bamsey. I love Snowflake.
756,Cazzie,Lowsely,clowselykz@tripod.com,M,I am Cazzie Lowsely. I love Snowflake.
757,Tedd,Peschke,tpeschkel0@time.com,M,I am Tedd Peschke. I love Snowflake.
758,Essa,Hembrow,ehembrowl1@vkontakte.ru,F,I am Essa Hembrow. I love Snowflake.
759,Bogey,Hubbuck,bhubbuckl2@fema.gov,M,I am Bogey Hubbuck. I love Snowflake.
760,Jethro,Ruggieri,jruggieril3@wisc.edu,M,I am Jethro Ruggieri. I love Snowflake.
761,Josee,Dawton,jdawtonl4@tinypic.com,F,I am Josee Dawton. I love Snowflake.
762,Dunc,January 1st,djanuarystl5@xing.com,M,I am Dunc January 1st. I love Snowflake.
763,Ado,Bradtke,abradtkel6@slashdot.org,M,I am Ado Bradtke. I love Snowflake.
764,Randy,Rumke,rrumkel7@webs.com,F,I am Randy Rumke. I love Snowflake.
765,Haily,Soreau,hsoreaul8@webmd.com,M,I am Haily Soreau. I love Snowflake.
766,Storm,Brear,sbrearl9@nba.com,F,I am Storm Brear. I love Snowflake.
767,Marcie,Kix,mkixla@usgs.gov,F,I am Marcie Kix. I love Snowflake.
768,Corrine,Chantillon,cchantillonlb@sakura.ne.jp,F,I am Corrine Chantillon. I love Snowflake.
769,Fifi,Burchett,fburchettlc@techcrunch.com,F,I am Fifi Burchett. I love Snowflake.
770,Kendall,Haulkham,khaulkhamld@businessweek.com,M,I am Kendall Haulkham. I love Snowflake.
771,Welch,Papen,wpapenle@soup.io,M,I am Welch Papen. I love Snowflake.
772,Marci,Ottiwill,mottiwilllf@barnesandnoble.com,F,I am Marci Ottiwill. I love Snowflake.
773,Lannie,Beyne,lbeynelg@flavors.me,M,I am Lannie Beyne. I love Snowflake.
774,Lester,Pottiphar,lpottipharlh@house.gov,M,I am Lester Pottiphar. I love Snowflake.
775,Estelle,Couche,ecoucheli@wix.com,F,I am Estelle Couche. I love Snowflake.
776,Megen,Hazard,mhazardlj@vimeo.com,F,I am Megen Hazard. I love Snowflake.
777,Germain,Filby,gfilbylk@free.fr,M,I am Germain Filby. I love Snowflake.
778,Avictor,Kaplin,akaplinll@yellowbook.com,M,I am Avictor Kaplin. I love Snowflake.
779,Ethelind,Naptine,enaptinelm@bigcartel.com,F,I am Ethelind Naptine. I love Snowflake.
780,Tony,Elijahu,telijahuln@de.vu,M,I am Tony Elijahu. I love Snowflake.
781,Tally,Leveret,tleveretlo@spiegel.de,M,I am Tally Leveret. I love Snowflake.
782,Wandie,Suthworth,wsuthworthlp@thetimes.co.uk,F,I am Wandie Suthworth. I love Snowflake.
783,Lucienne,Brothwell,lbrothwelllq@devhub.com,F,I am Lucienne Brothwell. I love Snowflake.
784,Meridith,Andreone,mandreonelr@webeden.co.uk,F,I am Meridith Andreone. I love Snowflake.
785,Nickolai,Cromarty,ncromartyls@seattletimes.com,M,I am Nickolai Cromarty. I love Snowflake.
786,Tulley,Larrie,tlarrielt@theguardian.com,M,I am Tulley Larrie. I love Snowflake.
787,Clareta,Turbill,cturbilllu@sciencedirect.com,F,I am Clareta Turbill. I love Snowflake.
788,Cherilynn,Jeavons,cjeavonslv@weebly.com,F,I am Cherilynn Jeavons. I love Snowflake.
789,Xylia,Muzzini,xmuzzinilw@columbia.edu,F,I am Xylia Muzzini. I love Snowflake.
790,Cher,Hulatt,chulattlx@alibaba.com,F,I am Cher Hulatt. I love Snowflake.
791,Lisabeth,Mattussevich,lmattussevichly@altervista.org,F,I am Lisabeth Mattussevich. I love Snowflake.
792,Brynn,MacMaykin,bmacmaykinlz@vistaprint.com,F,I am Brynn MacMaykin. I love Snowflake.
793,Austen,Wybrow,awybrowm0@hp.com,M,I am Austen Wybrow. I love Snowflake.
794,Rebe,Arnott,rarnottm1@flavors.me,F,I am Rebe Arnott. I love Snowflake.
795,Derek,Elcoate,delcoatem2@google.com.br,M,I am Derek Elcoate. I love Snowflake.
796,Devan,Akroyd,dakroydm3@ucla.edu,F,I am Devan Akroyd. I love Snowflake.
797,Alberik,Garnsey,agarnseym4@facebook.com,M,I am Alberik Garnsey. I love Snowflake.
798,Curry,Kale,ckalem5@gravatar.com,M,I am Curry Kale. I love Snowflake.
799,Irma,Coburn,icoburnm6@ca.gov,F,I am Irma Coburn. I love Snowflake.
800,Kirbee,Josephsen,kjosephsenm7@github.com,F,I am Kirbee Josephsen. I love Snowflake.
801,Devon,Tichelaar,dtichelaarm8@china.com.cn,F,I am Devon Tichelaar. I love Snowflake.
802,Walker,Klimczak,wklimczakm9@chron.com,M,I am Walker Klimczak. I love Snowflake.
803,Brittney,Tucknott,btucknottma@chicagotribune.com,F,I am Brittney Tucknott. I love Snowflake.
804,Ilsa,Paolino,ipaolinomb@bing.com,F,I am Ilsa Paolino. I love Snowflake.
805,Romy,Southwick,rsouthwickmc@ifeng.com,F,I am Romy Southwick. I love Snowflake.
806,Fredrika,Vaadeland,fvaadelandmd@ovh.net,F,I am Fredrika Vaadeland. I love Snowflake.
807,Guenevere,Copnar,gcopnarme@de.vu,F,I am Guenevere Copnar. I love Snowflake.
808,Emanuel,Sorey,esoreymf@goodreads.com,M,I am Emanuel Sorey. I love Snowflake.
809,Calla,Antoszewski,cantoszewskimg@symantec.com,F,I am Calla Antoszewski. I love Snowflake.
810,Cristi,Exeter,cexetermh@istockphoto.com,F,I am Cristi Exeter. I love Snowflake.
811,Irving,Downs,idownsmi@networkadvertising.org,M,I am Irving Downs. I love Snowflake.
812,Gaultiero,Zuann,gzuannmj@gravatar.com,M,I am Gaultiero Zuann. I love Snowflake.
813,Kasper,Shone,kshonemk@ucoz.com,M,I am Kasper Shone. I love Snowflake.
814,Marissa,Schubart,mschubartml@seesaa.net,F,I am Marissa Schubart. I love Snowflake.
815,Artemas,Jerrold,ajerroldmm@bravesites.com,M,I am Artemas Jerrold. I love Snowflake.
816,Elisabetta,Scougall,escougallmn@examiner.com,F,I am Elisabetta Scougall. I love Snowflake.
817,Isis,Cawston,icawstonmo@bigcartel.com,F,I am Isis Cawston. I love Snowflake.
818,Arnold,Gartin,agartinmp@twitter.com,M,I am Arnold Gartin. I love Snowflake.
819,Wat,Cowlishaw,wcowlishawmq@samsung.com,M,I am Wat Cowlishaw. I love Snowflake.
820,Cari,Vane,cvanemr@blinklist.com,F,I am Cari Vane. I love Snowflake.
821,Agneta,Duligall,aduligallms@howstuffworks.com,F,I am Agneta Duligall. I love Snowflake.
822,Dulcinea,Wollard,dwollardmt@storify.com,F,I am Dulcinea Wollard. I love Snowflake.
823,Humphrey,Dikes,hdikesmu@epa.gov,M,I am Humphrey Dikes. I love Snowflake.
824,Kalle,Alflatt,kalflattmv@ustream.tv,M,I am Kalle Alflatt. I love Snowflake.
825,Booth,Youtead,byouteadmw@mozilla.com,M,I am Booth Youtead. I love Snowflake.
826,Bryanty,Grelak,bgrelakmx@de.vu,M,I am Bryanty Grelak. I love Snowflake.
827,Gisele,Smitherman,gsmithermanmy@illinois.edu,F,I am Gisele Smitherman. I love Snowflake.
828,Pepito,Coppens,pcoppensmz@independent.co.uk,M,I am Pepito Coppens. I love Snowflake.
829,Russ,Briar,rbriarn0@ehow.com,M,I am Russ Briar. I love Snowflake.
830,Toinette,Morrell,tmorrelln1@tinyurl.com,F,I am Toinette Morrell. I love Snowflake.
831,Lilli,Meins,lmeinsn2@stumbleupon.com,F,I am Lilli Meins. I love Snowflake.
832,Amery,Le Grove,alegroven3@mashable.com,M,I am Amery Le Grove. I love Snowflake.
833,Frederich,Goulborn,fgoulbornn4@japanpost.jp,M,I am Frederich Goulborn. I love Snowflake.
834,Linn,Schulze,lschulzen5@linkedin.com,F,I am Linn Schulze. I love Snowflake.
835,Kori,O' Cloney,kocloneyn6@prnewswire.com,F,I am Kori O' Cloney. I love Snowflake.
836,Emmanuel,Argont,eargontn7@sciencedirect.com,M,I am Emmanuel Argont. I love Snowflake.
837,Dav,Orman,dormann8@ebay.co.uk,M,I am Dav Orman. I love Snowflake.
838,Rance,Borleace,rborleacen9@tmall.com,M,I am Rance Borleace. I love Snowflake.
839,Lorry,Eyers,leyersna@opera.com,M,I am Lorry Eyers. I love Snowflake.
840,Rosemary,Petriello,rpetriellonb@blog.com,F,I am Rosemary Petriello. I love Snowflake.
841,Enrique,Clinton,eclintonnc@soup.io,M,I am Enrique Clinton. I love Snowflake.
842,Culley,McInally,cmcinallynd@opera.com,M,I am Culley McInally. I love Snowflake.
843,Raffaello,Sheed,rsheedne@hibu.com,M,I am Raffaello Sheed. I love Snowflake.
844,Federico,Budd,fbuddnf@ucsd.edu,M,I am Federico Budd. I love Snowflake.
845,Jenni,Nelthorpe,jnelthorpeng@mysql.com,F,I am Jenni Nelthorpe. I love Snowflake.
846,Conchita,Jaspar,cjasparnh@scientificamerican.com,F,I am Conchita Jaspar. I love Snowflake.
847,Darby,Haily,dhailyni@wikipedia.org,M,I am Darby Haily. I love Snowflake.
848,Brian,Hesser,bhessernj@techcrunch.com,M,I am Brian Hesser. I love Snowflake.
849,Zebulen,Quincey,zquinceynk@prweb.com,M,I am Zebulen Quincey. I love Snowflake.
850,Reinald,Bulley,rbulleynl@washingtonpost.com,M,I am Reinald Bulley. I love Snowflake.
851,Eberhard,Vasilechko,evasilechkonm@cnet.com,M,I am Eberhard Vasilechko. I love Snowflake.
852,Lou,Osgorby,losgorbynn@zdnet.com,M,I am Lou Osgorby. I love Snowflake.
853,Augy,Choupin,achoupinno@dropbox.com,M,I am Augy Choupin. I love Snowflake.
854,Massimo,Battram,mbattramnp@reverbnation.com,M,I am Massimo Battram. I love Snowflake.
855,Gertrud,MacTague,gmactaguenq@sourceforge.net,F,I am Gertrud MacTague. I love Snowflake.
856,Shayne,Feehily,sfeehilynr@edublogs.org,M,I am Shayne Feehily. I love Snowflake.
857,Niven,Bessett,nbessettns@yale.edu,M,I am Niven Bessett. I love Snowflake.
858,Langston,Berndtsson,lberndtssonnt@dmoz.org,M,I am Langston Berndtsson. I love Snowflake.
859,Onfre,Iacovone,oiacovonenu@last.fm,M,I am Onfre Iacovone. I love Snowflake.
860,Herve,Lowten,hlowtennv@sina.com.cn,M,I am Herve Lowten. I love Snowflake.
861,Dru,Sepey,dsepeynw@europa.eu,M,I am Dru Sepey. I love Snowflake.
862,Anjela,Gundry,agundrynx@people.com.cn,F,I am Anjela Gundry. I love Snowflake.
863,Karel,Nutbeem,knutbeemny@geocities.jp,M,I am Karel Nutbeem. I love Snowflake.
864,Milty,Chipchase,mchipchasenz@delicious.com,M,I am Milty Chipchase. I love Snowflake.
865,Meggie,Dibble,mdibbleo0@sitemeter.com,F,I am Meggie Dibble. I love Snowflake.
866,Ariela,Avrahamoff,aavrahamoffo1@tinyurl.com,F,I am Ariela Avrahamoff. I love Snowflake.
867,Gilly,Montier,gmontiero2@mapy.cz,F,I am Gilly Montier. I love Snowflake.
868,Ethelin,Denyagin,edenyagino3@ifeng.com,F,I am Ethelin Denyagin. I love Snowflake.
869,Leann,Warwicker,lwarwickero4@abc.net.au,F,I am Leann Warwicker. I love Snowflake.
870,Lethia,Jonson,ljonsono5@whitehouse.gov,F,I am Lethia Jonson. I love Snowflake.
871,Vinnie,Humberstone,vhumberstoneo6@pagesperso-orange.fr,M,I am Vinnie Humberstone. I love Snowflake.
872,Meir,Esmonde,mesmondeo7@bloglines.com,M,I am Meir Esmonde. I love Snowflake.
873,Kamila,Gunda,kgundao8@bbb.org,F,I am Kamila Gunda. I love Snowflake.
874,Lancelot,Hardaker,lhardakero9@phoca.cz,M,I am Lancelot Hardaker. I love Snowflake.
875,Luciano,Bourdis,lbourdisoa@goo.ne.jp,M,I am Luciano Bourdis. I love Snowflake.
876,Ignaz,Reiners,ireinersob@chronoengine.com,M,I am Ignaz Reiners. I love Snowflake.
877,Augie,Bartoszewski,abartoszewskioc@engadget.com,M,I am Augie Bartoszewski. I love Snowflake.
878,Maddie,Gudgeon,mgudgeonod@list-manage.com,M,I am Maddie Gudgeon. I love Snowflake.
879,Pasquale,Simakov,psimakovoe@prweb.com,M,I am Pasquale Simakov. I love Snowflake.
880,Etti,Torricina,etorricinaof@fotki.com,F,I am Etti Torricina. I love Snowflake.
881,Moina,Halsall,mhalsallog@123-reg.co.uk,F,I am Moina Halsall. I love Snowflake.
882,Ariela,Blaby,ablabyoh@admin.ch,F,I am Ariela Blaby. I love Snowflake.
883,Hailee,Reboulet,hrebouletoi@wunderground.com,F,I am Hailee Reboulet. I love Snowflake.
884,Prentice,Gravells,pgravellsoj@paginegialle.it,M,I am Prentice Gravells. I love Snowflake.
885,Scotti,Dymick,sdymickok@mit.edu,M,I am Scotti Dymick. I love Snowflake.
886,Cris,Nicholes,cnicholesol@sakura.ne.jp,F,I am Cris Nicholes. I love Snowflake.
887,Mar,Ashling,mashlingom@yandex.ru,M,I am Mar Ashling. I love Snowflake.
888,Brandy,Fernier,bfernieron@miibeian.gov.cn,F,I am Brandy Fernier. I love Snowflake.
889,Ayn,Schulze,aschulzeoo@wp.com,F,I am Ayn Schulze. I love Snowflake.
890,Robinette,Rain,rrainop@prlog.org,F,I am Robinette Rain. I love Snowflake.
891,Reine,Athey,ratheyoq@nps.gov,F,I am Reine Athey. I love Snowflake.
892,Stacy,Morgen,smorgenor@shop-pro.jp,F,I am Stacy Morgen. I love Snowflake.
893,Maegan,Syseland,msyselandos@google.co.uk,F,I am Maegan Syseland. I love Snowflake.
894,Renard,O'Corren,rocorrenot@hibu.com,M,I am Renard O'Corren. I love Snowflake.
895,Alyss,Ollet,aolletou@wiley.com,F,I am Alyss Ollet. I love Snowflake.
896,Spike,Pitney,spitneyov@stumbleupon.com,M,I am Spike Pitney. I love Snowflake.
897,Doloritas,Fritschel,dfritschelow@nydailynews.com,F,I am Doloritas Fritschel. I love Snowflake.
898,Donn,Gladwin,dgladwinox@parallels.com,M,I am Donn Gladwin. I love Snowflake.
899,Nollie,Trobridge,ntrobridgeoy@spiegel.de,M,I am Nollie Trobridge. I love Snowflake.
900,Kirsti,Ruffell,kruffelloz@scribd.com,F,I am Kirsti Ruffell. I love Snowflake.
901,Brooke,Cuxson,bcuxsonp0@vimeo.com,F,I am Brooke Cuxson. I love Snowflake.
902,Llewellyn,McAirt,lmcairtp1@dedecms.com,M,I am Llewellyn McAirt. I love Snowflake.
903,Guntar,Deare,gdearep2@drupal.org,M,I am Guntar Deare. I love Snowflake.
904,Carson,Coppo,ccoppop3@icio.us,M,I am Carson Coppo. I love Snowflake.
905,Laurice,Sturman,lsturmanp4@prnewswire.com,F,I am Laurice Sturman. I love Snowflake.
906,Gannie,Benwell,gbenwellp5@hibu.com,M,I am Gannie Benwell. I love Snowflake.
907,Dorthea,Jiran,djiranp6@nps.gov,F,I am Dorthea Jiran. I love Snowflake.
908,Nicoline,Polsin,npolsinp7@taobao.com,F,I am Nicoline Polsin. I love Snowflake.
909,Hayley,Hempshall,hhempshallp8@dedecms.com,F,I am Hayley Hempshall. I love Snowflake.
910,Gifford,Lawlie,glawliep9@soundcloud.com,M,I am Gifford Lawlie. I love Snowflake.
911,Brien,Milward,bmilwardpa@marketwatch.com,M,I am Brien Milward. I love Snowflake.
912,Aluino,Foulstone,afoulstonepb@npr.org,M,I am Aluino Foulstone. I love Snowflake.
913,Bunni,Shelford,bshelfordpc@newyorker.com,F,I am Bunni Shelford. I love Snowflake.
914,Bartholomew,Velte,bveltepd@surveymonkey.com,M,I am Bartholomew Velte. I love Snowflake.
915,Morganica,McMennum,mmcmennumpe@sciencedirect.com,F,I am Morganica McMennum. I love Snowflake.
916,Nolie,Keunemann,nkeunemannpf@netscape.com,F,I am Nolie Keunemann. I love Snowflake.
917,Jill,Sparry,jsparrypg@arstechnica.com,F,I am Jill Sparry. I love Snowflake.
918,Terrell,Gerardot,tgerardotph@chron.com,M,I am Terrell Gerardot. I love Snowflake.
919,Dorine,Kynd,dkyndpi@google.pl,F,I am Dorine Kynd. I love Snowflake.
920,Dasya,Bunstone,dbunstonepj@google.fr,F,I am Dasya Bunstone. I love Snowflake.
921,Cristabel,Cowburn,ccowburnpk@indiegogo.com,F,I am Cristabel Cowburn. I love Snowflake.
922,Cad,Jollie,cjolliepl@gravatar.com,M,I am Cad Jollie. I love Snowflake.
923,Felicdad,Dammarell,fdammarellpm@livejournal.com,F,I am Felicdad Dammarell. I love Snowflake.
924,Laurence,Pendrey,lpendreypn@wunderground.com,M,I am Laurence Pendrey. I love Snowflake.
925,Elke,Bulbeck,ebulbeckpo@mozilla.org,F,I am Elke Bulbeck. I love Snowflake.
926,Westleigh,Pettendrich,wpettendrichpp@kickstarter.com,M,I am Westleigh Pettendrich. I love Snowflake.
927,Calvin,Grishechkin,cgrishechkinpq@samsung.com,M,I am Calvin Grishechkin. I love Snowflake.
928,Rebekah,Burchett,rburchettpr@ibm.com,F,I am Rebekah Burchett. I love Snowflake.
929,Kristina,MacCrachen,kmaccrachenps@flickr.com,F,I am Kristina MacCrachen. I love Snowflake.
930,Yettie,Mathes,ymathespt@mapquest.com,F,I am Yettie Mathes. I love Snowflake.
931,Kalvin,Scotti,kscottipu@netscape.com,M,I am Kalvin Scotti. I love Snowflake.
932,Riane,McCrillis,rmccrillispv@weather.com,F,I am Riane McCrillis. I love Snowflake.
933,Camala,Barthropp,cbarthropppw@hugedomains.com,F,I am Camala Barthropp. I love Snowflake.
934,Johnathon,Wandrack,jwandrackpx@house.gov,M,I am Johnathon Wandrack. I love Snowflake.
935,Salem,Penkethman,spenkethmanpy@ezinearticles.com,M,I am Salem Penkethman. I love Snowflake.
936,Mattias,Rennles,mrennlespz@github.com,M,I am Mattias Rennles. I love Snowflake.
937,Kathy,Bercevelo,kberceveloq0@xrea.com,F,I am Kathy Bercevelo. I love Snowflake.
938,Avigdor,Dedmam,adedmamq1@last.fm,M,I am Avigdor Dedmam. I love Snowflake.
939,Ulric,MacGinney,umacginneyq2@1688.com,M,I am Ulric MacGinney. I love Snowflake.
940,Hollyanne,Ebbing,hebbingq3@printfriendly.com,F,I am Hollyanne Ebbing. I love Snowflake.
941,Miguela,Kisting,mkistingq4@ebay.com,F,I am Miguela Kisting. I love Snowflake.
942,Bondy,Orred,borredq5@geocities.com,M,I am Bondy Orred. I love Snowflake.
943,Constantina,McKeran,cmckeranq6@kickstarter.com,F,I am Constantina McKeran. I love Snowflake.
944,Pavla,Egar,pegarq7@cisco.com,F,I am Pavla Egar. I love Snowflake.
945,Cynthea,Timby,ctimbyq8@earthlink.net,F,I am Cynthea Timby. I love Snowflake.
946,Ewan,Crunden,ecrundenq9@forbes.com,M,I am Ewan Crunden. I love Snowflake.
947,Meara,Baroche,mbarocheqa@howstuffworks.com,F,I am Meara Baroche. I love Snowflake.
948,Averil,Ponsford,aponsfordqb@sfgate.com,F,I am Averil Ponsford. I love Snowflake.
949,Elfreda,Threader,ethreaderqc@army.mil,F,I am Elfreda Threader. I love Snowflake.
950,Gertruda,Jahnel,gjahnelqd@theguardian.com,F,I am Gertruda Jahnel. I love Snowflake.
951,Wendell,Porson,wporsonqe@blogspot.com,M,I am Wendell Porson. I love Snowflake.
952,Keslie,Puddephatt,kpuddephattqf@slideshare.net,F,I am Keslie Puddephatt. I love Snowflake.
953,Garvy,Dwane,gdwaneqg@sbwire.com,M,I am Garvy Dwane. I love Snowflake.
954,Rip,Bottrill,rbottrillqh@shinystat.com,M,I am Rip Bottrill. I love Snowflake.
955,Tarrah,Regan,treganqi@vimeo.com,F,I am Tarrah Regan. I love Snowflake.
956,Mercy,Machans,mmachansqj@soup.io,F,I am Mercy Machans. I love Snowflake.
957,Matthieu,Mechi,mmechiqk@thetimes.co.uk,M,I am Matthieu Mechi. I love Snowflake.
958,Buckie,Kabos,bkabosql@latimes.com,M,I am Buckie Kabos. I love Snowflake.
959,Harlene,Schooling,hschoolingqm@weibo.com,F,I am Harlene Schooling. I love Snowflake.
960,Trefor,Pashan,tpashanqn@diigo.com,M,I am Trefor Pashan. I love Snowflake.
961,Konrad,Landeg,klandegqo@issuu.com,M,I am Konrad Landeg. I love Snowflake.
962,Ora,Merwede,omerwedeqp@cmu.edu,F,I am Ora Merwede. I love Snowflake.
963,Arvin,Sambles,asamblesqq@example.com,M,I am Arvin Sambles. I love Snowflake.
964,Denny,Slatford,dslatfordqr@elegantthemes.com,F,I am Denny Slatford. I love Snowflake.
965,Leigha,Dix,ldixqs@ed.gov,F,I am Leigha Dix. I love Snowflake.
966,Renado,Merwood,rmerwoodqt@blinklist.com,M,I am Renado Merwood. I love Snowflake.
967,Nicki,Witchell,nwitchellqu@princeton.edu,F,I am Nicki Witchell. I love Snowflake.
968,Stanleigh,McReedy,smcreedyqv@furl.net,M,I am Stanleigh McReedy. I love Snowflake.
969,Morly,Oldale,moldaleqw@homestead.com,M,I am Morly Oldale. I love Snowflake.
970,Christalle,O'Hoey,cohoeyqx@yandex.ru,F,I am Christalle O'Hoey. I love Snowflake.
971,Yevette,Bernardotte,ybernardotteqy@instagram.com,F,I am Yevette Bernardotte. I love Snowflake.
972,Sabine,Allen,sallenqz@cornell.edu,F,I am Sabine Allen. I love Snowflake.
973,Kariotta,Langfitt,klangfittr0@uiuc.edu,F,I am Kariotta Langfitt. I love Snowflake.
974,Missie,Wookey,mwookeyr1@home.pl,F,I am Missie Wookey. I love Snowflake.
975,Hillary,Itzcovich,hitzcovichr2@ovh.net,M,I am Hillary Itzcovich. I love Snowflake.
976,Dolf,Turnbull,dturnbullr3@hostgator.com,M,I am Dolf Turnbull. I love Snowflake.
977,Gracie,Wevell,gwevellr4@jimdo.com,F,I am Gracie Wevell. I love Snowflake.
978,Vaughn,Childs,vchildsr5@youku.com,M,I am Vaughn Childs. I love Snowflake.
979,Wain,Hugin,whuginr6@dedecms.com,M,I am Wain Hugin. I love Snowflake.
980,Carlene,Longhorne,clonghorner7@time.com,F,I am Carlene Longhorne. I love Snowflake.
981,Dallas,Callacher,dcallacherr8@hao123.com,M,I am Dallas Callacher. I love Snowflake.
982,Arlette,Durdle,adurdler9@nature.com,F,I am Arlette Durdle. I love Snowflake.
983,Ingamar,Jarrette,ijarrettera@biblegateway.com,M,I am Ingamar Jarrette. I love Snowflake.
984,Nicko,Garter,ngarterrb@addthis.com,M,I am Nicko Garter. I love Snowflake.
985,Trever,Dorie,tdorierc@tripod.com,M,I am Trever Dorie. I love Snowflake.
986,Katherina,Klulik,kklulikrd@bluehost.com,F,I am Katherina Klulik. I love Snowflake.
987,Adoree,Langsbury,alangsburyre@webs.com,F,I am Adoree Langsbury. I love Snowflake.
988,Vivi,Varga,vvargarf@un.org,F,I am Vivi Varga. I love Snowflake.
989,Amalita,O'Sculley,aosculleyrg@odnoklassniki.ru,F,I am Amalita O'Sculley. I love Snowflake.
990,Morey,Jouannin,mjouanninrh@timesonline.co.uk,M,I am Morey Jouannin. I love Snowflake.
991,Putnam,Elbourn,pelbournri@baidu.com,M,I am Putnam Elbourn. I love Snowflake.
992,Hagan,Jeannequin,hjeannequinrj@jimdo.com,M,I am Hagan Jeannequin. I love Snowflake.
993,Forrester,Pawlett,fpawlettrk@youku.com,M,I am Forrester Pawlett. I love Snowflake.
994,Lora,Sproul,lsproulrl@ning.com,F,I am Lora Sproul. I love Snowflake.
995,Gayle,Child,gchildrm@hud.gov,M,I am Gayle Child. I love Snowflake.
996,Margery,De Coursey,mdecourseyrn@walmart.com,F,I am Margery De Coursey. I love Snowflake.
997,Aldus,Gorden,agordenro@g.co,M,I am Aldus Gorden. I love Snowflake.
998,Howie,Lucas,hlucasrp@dropbox.com,M,I am Howie Lucas. I love Snowflake.
999,Orazio,Rosling,oroslingrq@redcross.org,M,I am Orazio Rosling. I love Snowflake.
1000,Sherm,MacCallester,smaccallesterrr@hp.com,M,I am Sherm MacCallester. I love Snowflake.
